word,reading_hiragana,meaning_ko,source_title,source_author,source_url,matched_sentence
ぶらぶら,ぶらぶら,빈둥빈둥 어슬렁어슬렁,走れメロス,太宰治,https://www.aozora.gr.jp/cards/000035/files/1567_ruby_4948.zip,先ず、その品々を買い集め、それから都の大路をぶらぶら歩いた。
ぶらぶら,ぶらぶら,빈둥빈둥 어슬렁어슬렁,こころ,夏目漱石,https://www.aozora.gr.jp/cards/000148/files/773_ruby_5968.zip,それでも私はさほどの窮屈を感じなかったので、ぶらぶらいっしょに歩いて行った。
ぼろぼろ,ぼろぼろ,너덜너덜 엉망진창,銀河鉄道の夜,宮沢賢治,https://www.aozora.gr.jp/cards/000081/files/48222_ruby_59603.zip,それは、茶いろの少しぼろぼろの外套を着て、白い巾でつつんだ荷物を、二つに分けて肩に掛けた、赤髯のせなかのかがんだ人でした。
ぼろぼろ,ぼろぼろ,너덜너덜 엉망진창,人間失格,太宰治,https://www.aozora.gr.jp/cards/000035/files/301_ruby_5915.zip,自分の顔の表情は極度にいやしくなり、朝から焼酎を飲み、歯がぼろぼろに欠けて、漫画もほとんど猥画に近いものを画くようになりました。
まごまご,まごまご,허둥지둥 우물쭈물,こころ,夏目漱石,https://www.aozora.gr.jp/cards/000148/files/773_ruby_5968.zip,慣れない兄は起ってまごまごしていた。
まるっきり,まるっきり,완전히 전혀,人間失格,太宰治,https://www.aozora.gr.jp/cards/000035/files/301_ruby_5915.zip,ああ、人間は、お互い何も相手をわからない、まるっきり間違って見ていながら、無二の親友のつもりでいて、一生、それに気附かず、相手が死ねば、泣いて弔詞なんかを読んでいるのではないでしょうか。
みすぼらしい,みすぼらしい,초라하다 볼품없다,人間失格,太宰治,https://www.aozora.gr.jp/cards/000035/files/301_ruby_5915.zip,所謂俗物の眼から見ると、ツネ子は酔漢のキスにも価いしない、ただ、みすぼらしい、貧乏くさい女だったのでした。
めいめい,めいめい,각자 제각기,走れメロス,太宰治,https://www.aozora.gr.jp/cards/000035/files/1567_ruby_4948.zip,祝宴に列席していた村人たちは、何か不吉なものを感じたが、それでも、めいめい気持を引きたて、狭い家の中で、むんむん蒸し暑いのも怺え、陽気に歌をうたい、手を拍った。
めいめい,めいめい,각자 제각기,銀河鉄道の夜,宮沢賢治,https://www.aozora.gr.jp/cards/000081/files/48222_ruby_59603.zip,十字になった町のかどを、まがらうとしましたら、向ふの橋へ行く方の雑貨店の前で、黒い影やぼんやり白いシャツが入り乱れて、六七人の生徒らが、口笛を吹いたり笑ったりして、めいめい烏瓜の燈火を持ってやって来るのを見ました。
ややこしい,ややこしい,복잡하다 까다롭다,人間失格,太宰治,https://www.aozora.gr.jp/cards/000035/files/301_ruby_5915.zip,ややこしい切れめやな。
ろくな,ろくな,변변한 제대로 된,人間失格,太宰治,https://www.aozora.gr.jp/cards/000035/files/301_ruby_5915.zip,おどろくな、酒池肉林という、……」「カフエか？
一変,いっぺん,일변,人間失格,太宰治,https://www.aozora.gr.jp/cards/000035/files/301_ruby_5915.zip,としているのが、おそろしく、いまにも誰かに襲われ、一撃せられるような気がして来て、街に飛び出しては、れいの運動の手伝いをしたり、或いは堀木と一緒に安い酒を飲み廻ったりして、ほとんど学業も、また画の勉強も放棄し、高等学校へ入学して、二年目の十一月、自分より年上の有夫の婦人と情死事件などを起し、自分の身の上は、一変しました。
一心に,いっしんに,한마음으로,こころ,夏目漱石,https://www.aozora.gr.jp/cards/000148/files/773_ruby_5968.zip,最後に私はやっと自分に必要な論文を探し出して、一心にそれを読み出しました。
一挙に,いっきょに,일거에,走れメロス,太宰治,https://www.aozora.gr.jp/cards/000035/files/1567_ruby_4948.zip,きのうの豪雨で山の水源地は氾濫し、濁流滔々と下流に集り、猛勢一挙に橋を破壊し、どうどうと響きをあげる激流が、木葉微塵に橋桁を跳ね飛ばしていた。
一様に,いちように,한결같이,こころ,夏目漱石,https://www.aozora.gr.jp/cards/000148/files/773_ruby_5968.zip,これは夏休みなどに国へ帰る誰でもが一様に経験する心持だろうと思うが、当座の一週間ぐらいは下にも置かないように、ちやほや歓待されるのに、その峠を定規通り通り越すと、あとはそろそろ家族の熱が冷めて来て、しまいには有っても無くっても構わないもののように粗末に取り扱われがちになるものである。
一気に,いっきに,단숨에,走れメロス,太宰治,https://www.aozora.gr.jp/cards/000035/files/1567_ruby_4948.zip,一気に峠を駈け降りたが、流石に疲労し、折から午後の灼熱の太陽がまともに、かっと照って来て、メロスは幾度となく眩暈を感じ、これではならぬ、と気を取り直しては、よろよろ二、三歩あるいて、ついに、がくりと膝を折った。
一気に,いっきに,단숨에,人間失格,太宰治,https://www.aozora.gr.jp/cards/000035/files/301_ruby_5915.zip,（お前に罪は無い）自分は、音を立てないようにそっとコップに水を満たし、それから、ゆっくり箱の封を切って、全部、一気に口の中にほうり、コップの水を落ちついて飲みほし、電燈を消してそのまま寝ました。
一身上,いっしんじょう,신상 개인 사정,坊っちゃん,夏目漱石,https://www.aozora.gr.jp/cards/000148/files/752_ruby_2438.zip,ことごとく送別の辞を述べたが、三人共申し合せたようにうらなり君の、良教師で好人物な事を吹聴して、今回去られるのはまことに残念である、学校としてのみならず、個人として大いに惜しむところであるが、ご一身上のご都合で、切に転任をご希望になったのだから致し方がないという意味を述べた。
一部分,いちぶぶん,일부분,こころ,夏目漱石,https://www.aozora.gr.jp/cards/000148/files/773_ruby_5968.zip,しかし私はいつでも先生に付属した一部分のような心持で奥さんに対していた。
三味線,しゃみせん,샤미센,坊っちゃん,夏目漱石,https://www.aozora.gr.jp/cards/000148/files/752_ruby_2438.zip,おれの前へ来た一人の芸者が、あんた、なんぞ、唄いなはれ、と三味線を抱えたから、おれは唄わない、貴様唄ってみろと云ったら、金や太鼓でねえ、迷子の迷子の三太郎と、どんどこ、どんのちゃんちきりん。
上司,じょうし,상사,人間失格,太宰治,https://www.aozora.gr.jp/cards/000035/files/301_ruby_5915.zip,京橋へ来て、こういうくだらない生活を既に一年ちかく続け、自分の漫画も、子供相手の雑誌だけでなく、駅売りの粗悪で卑猥な雑誌などにも載るようになり、自分は、上司幾太（情死、生きた）という、ふざけ切った匿名で、汚いはだかの絵など画き、それにたいていルバイヤットの詩句を插入しました。
上陸,じょうりく,상륙,こころ,夏目漱石,https://www.aozora.gr.jp/cards/000148/files/773_ruby_5968.zip,二人は何にも知らないで、船が一番先へ着いた所から上陸したのです。
下痢,げり,설사,人間失格,太宰治,https://www.aozora.gr.jp/cards/000035/files/301_ruby_5915.zip,にカルモチンを買っておいで、と言って、村の薬屋にお使いにやったら、いつもの箱と違う形の箱のカルモチンを買って来て、べつに自分も気にとめず、寝る前に十錠のんでも一向に眠くならないので、おかしいなと思っているうちに、おなかの具合がへんになり急いで便所へ行ったら猛烈な下痢で、しかも、それから引続き三度も便所にかよったのでした。
不吉な,ふきつな,불길한,走れメロス,太宰治,https://www.aozora.gr.jp/cards/000035/files/1567_ruby_4948.zip,祝宴に列席していた村人たちは、何か不吉なものを感じたが、それでも、めいめい気持を引きたて、狭い家の中で、むんむん蒸し暑いのも怺え、陽気に歌をうたい、手を拍った。
不吉な,ふきつな,불길한,人間失格,太宰治,https://www.aozora.gr.jp/cards/000035/files/301_ruby_5915.zip,謂わば、坐って火鉢に両手をかざしながら、自然に死んでいるような、まことにいまわしい、不吉なにおいのする写真であった。
不意,ふい,뜻밖,羅生門,芥川龍之介,https://www.aozora.gr.jp/cards/000879/files/127_ruby_150.zip,そうして、一足前へ出ると、不意に右の手を面皰から離して、老婆の襟上をつかみながら、噛みつくようにこう云った。
不意,ふい,뜻밖,こころ,夏目漱石,https://www.aozora.gr.jp/cards/000148/files/773_ruby_5968.zip,すると一町ほど歩いた後で、先生が不意にそこへ戻って来た。
不慮,ふりょ,뜻밖의 사고,こころ,夏目漱石,https://www.aozora.gr.jp/cards/000148/files/773_ruby_5968.zip,蒼い顔をしながら、「不慮の出来事なら仕方がないじゃありませんか」と慰めるようにいってくれました。
世辞,せじ,아첨,坊っちゃん,夏目漱石,https://www.aozora.gr.jp/cards/000148/files/752_ruby_2438.zip,清がこんな事を云う度におれはお世辞は嫌いだと答えるのが常であった。
世辞,せじ,아첨,人間失格,太宰治,https://www.aozora.gr.jp/cards/000035/files/301_ruby_5915.zip,を言っても、まんざら空お世辞に聞えないくらいの、謂わば通俗の「可愛らしさ」みたいな影もその子供の笑顔に無いわけではないのだが、しかし、いささかでも、美醜に就いての訓練を経て来たひとなら、ひとめ見てすぐ、「なんて、いやな子供だ」と頗る不快そうに呟き、毛虫でも払いのける時のような手つきで、その写真をほうり投げるかも知れない。
丘,おか,언덕,こころ,夏目漱石,https://www.aozora.gr.jp/cards/000148/files/773_ruby_5968.zip,私の尻をおろした所は少し小高い丘の上で、そのすぐ傍がホテルの裏口になっていたので、私の凝としている間に、大分多くの男が塩を浴びに出て来たが、いずれも胴と腕と股は出していなかった。
丘,おか,언덕,銀河鉄道の夜,宮沢賢治,https://www.aozora.gr.jp/cards/000081/files/48222_ruby_59603.zip,まもなくジョバンニは〔〕黒い丘の方へ急ぎました。
中毒,ちゅうどく,중독,人間失格,太宰治,https://www.aozora.gr.jp/cards/000035/files/301_ruby_5915.zip,「いけませんよ、中毒になったら、そりゃもう、たいへんです」薬屋の奥さんにそう言われると、自分はもう可成りの中毒患者になってしまったような気がして来て、（自分は、ひとの暗示に実にもろくひっかかるたちなのです。
中腹,ちゅうふく,산중턱,坊っちゃん,夏目漱石,https://www.aozora.gr.jp/cards/000148/files/752_ruby_2438.zip,町はずれの岡の中腹にある家で至極閑静だ。
主人公,しゅじんこう,주인공,坊っちゃん,夏目漱石,https://www.aozora.gr.jp/cards/000148/files/752_ruby_2438.zip,右の方は主人公だというのでうらなり先生、これも日本服で控えている。
主人公,しゅじんこう,주인공,人間失格,太宰治,https://www.aozora.gr.jp/cards/000035/files/301_ruby_5915.zip,部屋の壁や、小さい火鉢は思い出す事が出来るけれども、その部屋の主人公の顔の印象は、すっと霧消して、どうしても、何としても思い出せない。
主任,しゅにん,주임,こころ,夏目漱石,https://www.aozora.gr.jp/cards/000148/files/773_ruby_5968.zip,他の一人は五時を十五分ほど後らして持って行ったため、危く跳ね付けられようとしたところを、主任教授の好意でやっと受理してもらったといった。
主任,しゅにん,주임,坊っちゃん,夏目漱石,https://www.aozora.gr.jp/cards/000148/files/752_ruby_2438.zip,挨拶が一通り済んだら、校長が今日はもう引き取ってもいい、もっとも授業上の事は数学の主任と打ち合せをしておいて、明後日から課業を始めてくれと云った。
主観,しゅかん,주관,人間失格,太宰治,https://www.aozora.gr.jp/cards/000035/files/301_ruby_5915.zip,、何でも無いものを、主観に依って美しく創造し、或いは醜いものに嘔吐をもよおしながらも、それに対する興味を隠さず、表現のよろこびにひたっている、つまり、人の思惑に少しもたよっていないらしいという、画法のプリミチヴな虎の巻を、竹一から、さずけられて、れいの女の来客たちには隠して、少しずつ、自画像の制作に取りかかってみました。
乏しい,とぼしい,부족한,こころ,夏目漱石,https://www.aozora.gr.jp/cards/000148/files/773_ruby_5968.zip,先生は元来酒量に乏しい人であった。
乏しい,とぼしい,부족한,坊っちゃん,夏目漱石,https://www.aozora.gr.jp/cards/000148/files/752_ruby_2438.zip,ところが学校というものはなかなか情実のあるもので、そう書生流に淡泊には行かないですからね」「淡泊に行かなければ、どんな風に行くんです」「さあ君はそう率直だから、まだ経験に乏しいと云うんですがね……」「どうせ経験には乏しいはずです。
予想,よそう,예상,こころ,夏目漱石,https://www.aozora.gr.jp/cards/000148/files/773_ruby_5968.zip,しかしこれから先のあなたに起るべき変化を予想して見ると、なお苦しくなります」「私はそれほど軽薄に思われているんですか。
予感,よかん,예감,こころ,夏目漱石,https://www.aozora.gr.jp/cards/000148/files/773_ruby_5968.zip,おれのような下らないものでも、まだこうしていられるくらいだから」父は自分の達者な保証を自分で与えながら、今にも己れに落ちかかって来そうな危険を予感しているらしかった。
予感,よかん,예감,人間失格,太宰治,https://www.aozora.gr.jp/cards/000035/files/301_ruby_5915.zip,世の中の合法というもののほうが、かえっておそろしく、（それには、底知れず強いものが予感せられます）そのからくりが不可解で、とてもその窓の無い、底冷えのする部屋には坐っておられず、外は非合法の海であっても、それに飛び込んで泳いで、やがて死に到るほうが、自分には、いっそ気楽のようでした。
予言,よげん,예언,こころ,夏目漱石,https://www.aozora.gr.jp/cards/000148/files/773_ruby_5968.zip,八幸いにして先生の予言は実現されずに済んだ。
予言,よげん,예언,人間失格,太宰治,https://www.aozora.gr.jp/cards/000035/files/301_ruby_5915.zip,しかしこれは、おそらく、あの竹一も意識しなかったほどの、おそろしい悪魔の予言のようなものだったという事を、自分は後年に到って思い知りました。
事業,じぎょう,사업,こころ,夏目漱石,https://www.aozora.gr.jp/cards/000148/files/773_ruby_5968.zip,叔父は事業家でした。
互い,たがい,서로,走れメロス,太宰治,https://www.aozora.gr.jp/cards/000035/files/1567_ruby_4948.zip,いちどだって、暗い疑惑の雲を、お互い胸に宿したことは無かった。
互い,たがい,서로,こころ,夏目漱石,https://www.aozora.gr.jp/cards/000148/files/773_ruby_5968.zip,そうしてお互いにお互いがどんな事を思っているかをよく理解し合っていた。
些細な,ささいな,사소한,こころ,夏目漱石,https://www.aozora.gr.jp/cards/000148/files/773_ruby_5968.zip,しかしそれはほとんど問題とするに足りない些細な事柄です。
交互,こうご,교대,人間失格,太宰治,https://www.aozora.gr.jp/cards/000035/files/301_ruby_5915.zip,送金は、やはり、二、三日で消えてしまい、自分は慄然とし、心細さのために狂うようになり、父、兄、姉などへ交互にお金を頼む電報と、イサイフミの手紙（その手紙に於いて訴えている事情は、ことごとく、お道化の虚構でした。
交渉,こうしょう,교섭 협상,こころ,夏目漱石,https://www.aozora.gr.jp/cards/000148/files/773_ruby_5968.zip,私はあなたの知っている通り、ほとんど世間と交渉のない孤独な人間ですから、義務というほどの義務は、自分の左右前後を見廻しても、どの方角にも根を張っておりません。
人一倍,ひといちばい,남보다 갑절로,走れメロス,太宰治,https://www.aozora.gr.jp/cards/000035/files/1567_ruby_4948.zip,けれども邪悪に対しては、人一倍に敏感であった。
人一倍,ひといちばい,남보다 갑절로,こころ,夏目漱石,https://www.aozora.gr.jp/cards/000148/files/773_ruby_5968.zip,彼はいつも話す通り頗る強情な男でしたけれども、一方ではまた人一倍の正直者でしたから、自分の矛盾などをひどく非難される場合には、決して平気でいられない質だったのです。
人出,ひとで,인파,こころ,夏目漱石,https://www.aozora.gr.jp/cards/000148/files/773_ruby_5968.zip,私の宿は人出入りの少ない家でした。
人出,ひとで,인파,坊っちゃん,夏目漱石,https://www.aozora.gr.jp/cards/000148/files/752_ruby_2438.zip,すると六人出て来た。
人影,ひとかげ,사람 그림자,こころ,夏目漱石,https://www.aozora.gr.jp/cards/000148/files/773_ruby_5968.zip,しかしそこにも人影は見えなかった。
人影,ひとかげ,사람 그림자,坊っちゃん,夏目漱石,https://www.aozora.gr.jp/cards/000148/files/752_ruby_2438.zip,ぶらぶら土手の上をあるきながら、約三丁も来たと思ったら、向うに人影が見え出した。
人情,にんじょう,인정,こころ,夏目漱石,https://www.aozora.gr.jp/cards/000148/files/773_ruby_5968.zip,立つといい出すと、人情は妙なもので、父も母も反対した。
人情,にんじょう,인정,坊っちゃん,夏目漱石,https://www.aozora.gr.jp/cards/000148/files/752_ruby_2438.zip,一体釣や猟をする連中はみんな不人情な人間ばかりだ。
人手,ひとで,일손,銀河鉄道の夜,宮沢賢治,https://www.aozora.gr.jp/cards/000081/files/48222_ruby_59603.zip,それから四五人手をあげました。
人手,ひとで,일손,坊っちゃん,夏目漱石,https://www.aozora.gr.jp/cards/000148/files/752_ruby_2438.zip,清は十何年居たうちが人手に渡るのを大いに残念がったが、自分のものでないから、仕様がなかった。
人格,じんかく,인격,こころ,夏目漱石,https://www.aozora.gr.jp/cards/000148/files/773_ruby_5968.zip,余りに人格が善良だったのです。
人質,ひとじち,인질,走れメロス,太宰治,https://www.aozora.gr.jp/cards/000035/files/1567_ruby_4948.zip,このごろは、臣下の心をも、お疑いになり、少しく派手な暮しをしている者には、人質ひとりずつ差し出すことを命じて居ります。
人質,ひとじち,인질,坊っちゃん,夏目漱石,https://www.aozora.gr.jp/cards/000148/files/752_ruby_2438.zip,皆々それ相応に威張ってるんだが、このうらなり先生のように在れどもなきがごとく、人質に取られた人形のように大人しくしているのは見た事がない。
仏像,ぶつぞう,불상,羅生門,芥川龍之介,https://www.aozora.gr.jp/cards/000879/files/127_ruby_150.zip,旧記によると、仏像や仏具を打砕いて、その丹がついたり、金銀の箔がついたりした木を、路ばたにつみ重ねて、薪の料に売っていたと云う事である。
仕様,しよう,사양,こころ,夏目漱石,https://www.aozora.gr.jp/cards/000148/files/773_ruby_5968.zip,そういわれると、私悲しくなって仕様がないんです、涙が出てなおの事自分の悪い所が聞きたくなるんです」奥さんは眼の中に涙をいっぱい溜めた。
仕様,しよう,사양,坊っちゃん,夏目漱石,https://www.aozora.gr.jp/cards/000148/files/752_ruby_2438.zip,清は十何年居たうちが人手に渡るのを大いに残念がったが、自分のものでないから、仕様がなかった。
会談,かいだん,회담,人間失格,太宰治,https://www.aozora.gr.jp/cards/000035/files/301_ruby_5915.zip,シヅ子の取計らいで、ヒラメ、堀木、それにシヅ子、三人の会談が成立して、自分は、故郷から全く絶縁せられ、そうしてシヅ子と「天下晴れて」同棲という事になり、これまた、シヅ子の奔走のおかげで自分の漫画も案外お金になって、自分はそのお金で、お酒も、煙草も買いましたが、自分の心細さ、うっとうしさは、いよいよつのるばかりなのでした。
伝言,でんごん,전언,人間失格,太宰治,https://www.aozora.gr.jp/cards/000035/files/301_ruby_5915.zip,なに、たいした事じゃないがね、たまには、高円寺のほうへも遊びに来てくれっていう御伝言さ」忘れかけると、怪鳥が羽ばたいてやって来て、記憶の傷口をその嘴で突き破ります。
伝説,でんせつ,전설,走れメロス,太宰治,https://www.aozora.gr.jp/cards/000035/files/1567_ruby_4948.zip,（古伝説と、シルレルの詩から。
伴う,ともなう,동반하다,こころ,夏目漱石,https://www.aozora.gr.jp/cards/000148/files/773_ruby_5968.zip,そうしてその上に彩られる大都会の空気が、記憶の復活に伴う強い刺戟と共に、濃く私の心を染め付けた。
体力,たいりょく,체력,こころ,夏目漱石,https://www.aozora.gr.jp/cards/000148/files/773_ruby_5968.zip,体力からいえばＫよりも私の方が強いのですから、私はすぐ応じました。
体裁,ていさい,체재,こころ,夏目漱石,https://www.aozora.gr.jp/cards/000148/files/773_ruby_5968.zip,私はかつて先生から「あなたの宅の構えはどんな体裁ですか。
体裁,ていさい,체재,坊っちゃん,夏目漱石,https://www.aozora.gr.jp/cards/000148/files/752_ruby_2438.zip,出来るならば月給を倍にして、遠山のお嬢さんと明日から結婚さして、一ヶ月ばかり東京へでも遊びにやってやりたい気がした矢先だから、やお湯ですか、さあ、こっちへお懸けなさいと威勢よく席を譲ると、うらなり君は恐れ入った体裁で、いえ構うておくれなさるな、と遠慮だか何だかやっぱり立ってる。
余地,よち,여지,こころ,夏目漱石,https://www.aozora.gr.jp/cards/000148/files/773_ruby_5968.zip,私の性質として、また私の境遇からいって、その時の私には、そんな利害の念に頭を悩ます余地がなかったのである。
余地,よち,여지,坊っちゃん,夏目漱石,https://www.aozora.gr.jp/cards/000148/files/752_ruby_2438.zip,この短かい二十日間において生徒は君の学問人物を評価し得る余地がないのであります。
余興,よきょう,여흥,坊っちゃん,夏目漱石,https://www.aozora.gr.jp/cards/000148/files/752_ruby_2438.zip,余興は午後にあると云う話だから、ひとまず下宿へ帰って、こないだじゅうから、気に掛っていた、清への返事をかきかけた。
使いこなす,つかいこなす,능숙하게 다루다,こころ,夏目漱石,https://www.aozora.gr.jp/cards/000148/files/773_ruby_5968.zip,空っぽな理屈を使いこなす事が。
依然,いぜん,여전히 이전과 같이,こころ,夏目漱石,https://www.aozora.gr.jp/cards/000148/files/773_ruby_5968.zip,私は依然として先生に会いに行った。
依然,いぜん,여전히 이전과 같이,坊っちゃん,夏目漱石,https://www.aozora.gr.jp/cards/000148/files/752_ruby_2438.zip,山嵐とおれが絶交の姿となったに引き易えて、赤シャツとおれは依然として在来の関係を保って、交際をつづけている。
依頼,いらい,의뢰 부탁,こころ,夏目漱石,https://www.aozora.gr.jp/cards/000148/files/773_ruby_5968.zip,私は先生が私の依頼に取り合うまいと思いながらこの手紙を書いた。
依頼,いらい,의뢰 부탁,坊っちゃん,夏目漱石,https://www.aozora.gr.jp/cards/000148/files/752_ruby_2438.zip,すると赤シャツはそれじゃ昨日の事は君の参考だけにとめて、口外してくれるなと汗をかいて依頼に及ぶから、よろしい、僕も困るんだが、そんなにあなたが迷惑ならよしましょうと受け合った。
侮辱,ぶじょく,모욕,こころ,夏目漱石,https://www.aozora.gr.jp/cards/000148/files/773_ruby_5968.zip,私は未来の侮辱を受けないために、今の尊敬を斥けたいと思うのです。
便宜,べんぎ,편의,こころ,夏目漱石,https://www.aozora.gr.jp/cards/000148/files/773_ruby_5968.zip,そうして封じる便宜のために、四つ折に畳まれてあった。
便宜,べんぎ,편의,人間失格,太宰治,https://www.aozora.gr.jp/cards/000035/files/301_ruby_5915.zip,しかし、自分は、それを言い明さないほうが、便宜な事もあるような気がふっとしたものですから、ただ、「はい」と、伏眼になり、殊勝げに答えて置きました。
保護,ほご,보호,こころ,夏目漱石,https://www.aozora.gr.jp/cards/000148/files/773_ruby_5968.zip,彼の性格からいって、自活の方が友達の保護の下に立つより遥に快よく思われたのでしょう。
保護,ほご,보호,坊っちゃん,夏目漱石,https://www.aozora.gr.jp/cards/000148/files/752_ruby_2438.zip,なまじい保護を受ければこそ、こんな兄に頭を下げなければならない。
信仰,しんこう,신앙,こころ,夏目漱石,https://www.aozora.gr.jp/cards/000148/files/773_ruby_5968.zip,私はその人に対して、ほとんど信仰に近い愛をもっていたのです。
信任,しんにん,신임,坊っちゃん,夏目漱石,https://www.aozora.gr.jp/cards/000148/files/752_ruby_2438.zip,正面からは受け留めにくいが、おれはもう赤シャツに対して不信任を心の中で申し渡してしまった。
修了,しゅうりょう,수료,人間失格,太宰治,https://www.aozora.gr.jp/cards/000035/files/301_ruby_5915.zip,四年から受けて見よ、と言われたので、自分も桜と海の中学はもういい加減あきていましたし、五年に進級せず、四年修了のままで、東京の高等学校に受験して合格し、すぐに寮生活にはいりましたが、その不潔と粗暴に辟易して、道化どころではなく、医師に肺浸潤の診断書を書いてもらい、寮から出て、上野桜木町の父の別荘に移りました。
修学,しゅうがく,수학,こころ,夏目漱石,https://www.aozora.gr.jp/cards/000148/files/773_ruby_5968.zip,後から考えると、私自身がすでにその組だったのですが、私はそれさえ分らずに、ただ子供らしく愉快に修学の道を歩いて行きました。
修学,しゅうがく,수학,銀河鉄道の夜,宮沢賢治,https://www.aozora.gr.jp/cards/000081/files/48222_ruby_59603.zip,一昨年修学旅行で〔以下数文字分空白〕「お父さんはこの次はおまへにラッコの上着をもってくるといったねえ。
倹約,けんやく,절약,坊っちゃん,夏目漱石,https://www.aozora.gr.jp/cards/000148/files/752_ruby_2438.zip,――宿屋へ茶代を五円やるのはいいが、あとで困りゃしないか、田舎へ行って頼りになるはお金ばかりだから、なるべく倹約して、万一の時に差支えないようにしなくっちゃいけない。
偏屈,へんくつ,편굴함 괴팍함,こころ,夏目漱石,https://www.aozora.gr.jp/cards/000148/files/773_ruby_5968.zip,一人で置くとますます人間が偏屈になるばかりだからといいました。
側面,そくめん,측면,坊っちゃん,夏目漱石,https://www.aozora.gr.jp/cards/000148/files/752_ruby_2438.zip,すると赤シャツは山嵐の机の上へ肱を突いて、あの盤台面をおれの鼻の側面へ持って来たから、何をするかと思ったら、君昨日返りがけに船の中で話した事は、秘密にしてくれたまえ。
傾ける,かたむける,기울이다,こころ,夏目漱石,https://www.aozora.gr.jp/cards/000148/files/773_ruby_5968.zip,その時分の私はＫと大分考えが違っていましたから、坊さんとＫの談話にそれほど耳を傾ける気も起りませんでしたが、Ｋはしきりに日蓮の事を聞いていたようです。
傾斜,けいしゃ,경사,銀河鉄道の夜,宮沢賢治,https://www.aozora.gr.jp/cards/000081/files/48222_ruby_59603.zip,この傾斜があるもんですから汽車は決して向ふからこっちへは来な〔い〕んです。
元来,がんらい,원래,こころ,夏目漱石,https://www.aozora.gr.jp/cards/000148/files/773_ruby_5968.zip,先生は元来酒量に乏しい人であった。
元来,がんらい,원래,坊っちゃん,夏目漱石,https://www.aozora.gr.jp/cards/000148/files/752_ruby_2438.zip,元来女のような性分で、ずるいから、仲がよくなかった。
充実,じゅうじつ,충실,人間失格,太宰治,https://www.aozora.gr.jp/cards/000035/files/301_ruby_5915.zip,血の重さ、とでも言おうか、生命の渋さ、とでも言おうか、そのような充実感は少しも無く、それこそ、鳥のようではなく、羽毛のように軽く、ただ白紙一枚、そうして、笑っている。
公然,こうぜん,공공연함,坊っちゃん,夏目漱石,https://www.aozora.gr.jp/cards/000148/files/752_ruby_2438.zip,蔭口をきくのでさえ、公然と名前が云えないくらいな男だから、弱虫に極まってる。
公言,こうげん,공언,こころ,夏目漱石,https://www.aozora.gr.jp/cards/000148/files/773_ruby_5968.zip,奥さんは心得のある人でしたから、わざと私をそんな風に取り扱ってくれたものとも思われますし、また自分で公言するごとく、実際私を鷹揚だと観察していたのかも知れません。
公言,こうげん,공언,坊っちゃん,夏目漱石,https://www.aozora.gr.jp/cards/000148/files/752_ruby_2438.zip,生徒があばれるのは、生徒がわるいんじゃない教師が悪るいんだと公言している。
公認,こうにん,공인,こころ,夏目漱石,https://www.aozora.gr.jp/cards/000148/files/773_ruby_5968.zip,私はこの公認された事実を勝手に布衍しているかも知れないが、始終接触して親しくなり過ぎた男女の間には、恋に必要な刺戟の起る清新な感じが失われてしまうように考えています。
公開,こうかい,공개,羅生門,芥川龍之介,https://www.aozora.gr.jp/cards/000879/files/127_ruby_150.zip,入力：平山誠、野口英司校正：もりみつじゅんじ1997年10月29日公開2022年7月16日修正青空文庫作成ファイル：このファイルは、インターネットの図書館、青空文庫（https://www.aozora.gr.jp/）で作られました。
公開,こうかい,공개,走れメロス,太宰治,https://www.aozora.gr.jp/cards/000035/files/1567_ruby_4948.zip,2刷底本の親本：「筑摩全集類聚版太宰治全集」筑摩書房1975（昭和50）年6月～1976（昭和51）年6月入力：金川一之校正：高橋美奈子2000年12月4日公開2011年1月17日修正青空文庫作成ファイル：このファイルは、インターネットの図書館、青空文庫（http://www.aozora.gr.jp/）で作られました。
共感,きょうかん,공감,人間失格,太宰治,https://www.aozora.gr.jp/cards/000035/files/301_ruby_5915.zip,自分には、女の千万言の身の上噺よりも、その一言の呟きのほうに、共感をそそられるに違いないと期待していても、この世の中の女から、ついにいちども自分は、その言葉を聞いた事がないのを、奇怪とも不思議とも感じております。
共鳴,きょうめい,공명,人間失格,太宰治,https://www.aozora.gr.jp/cards/000035/files/301_ruby_5915.zip,自分の若白髪は、その夜からはじまり、いよいよ、すべてに自信を失い、いよいよ、ひとを底知れず疑い、この世の営みに対する一さいの期待、よろこび、共鳴などから永遠にはなれるようになりました。
内心,ないしん,내심,こころ,夏目漱石,https://www.aozora.gr.jp/cards/000148/files/773_ruby_5968.zip,こっちでいくら思っても、向うが内心他の人に愛の眼を注いでいるならば、私はそんな女といっしょになるのは厭なのです。
内心,ないしん,내심,人間失格,太宰治,https://www.aozora.gr.jp/cards/000035/files/301_ruby_5915.zip,おもてでは、絶えず笑顔をつくりながらも、内心は必死の、それこそ千番に一番の兼ね合いとでもいうべき危機一髪の、油汗流してのサーヴィスでした。
内緒,ないしょ,비밀,人間失格,太宰治,https://www.aozora.gr.jp/cards/000035/files/301_ruby_5915.zip,夜おそく、二階の自分には内緒で、二人でおそばなどを取寄せて無言で食べている事がありました。
内部,ないぶ,내부,こころ,夏目漱石,https://www.aozora.gr.jp/cards/000148/files/773_ruby_5968.zip,我々はまた比較的内部の空気ばかり吸っているので、校内の事は細大ともに世の中に知れ渡っているはずだと思い過ぎる癖があります。
円満な,えんまんな,원만한,坊っちゃん,夏目漱石,https://www.aozora.gr.jp/cards/000148/files/752_ruby_2438.zip,終りに臨んで君が延岡に赴任されたら、その地の淑女にして、君子の好逑となるべき資格あるものを択んで一日も早く円満なる家庭をかたち作って、かの不貞無節なるお転婆を事実の上において慚死せしめん事を希望します。
再び,ふたたび,다시,走れメロス,太宰治,https://www.aozora.gr.jp/cards/000035/files/1567_ruby_4948.zip,再び立って走れるようになったではないか。
再び,ふたたび,다시,こころ,夏目漱石,https://www.aozora.gr.jp/cards/000148/files/773_ruby_5968.zip,私の頭には再び先生の顔が浮いて出た。
冒頭,ぼうとう,첫머리,坊っちゃん,夏目漱石,https://www.aozora.gr.jp/cards/000148/files/752_ruby_2438.zip,可哀想にこれでもまだ二十四ですぜと云ったらそれでも、あなた二十四で奥さんがおありなさるのは当り前ぞなもしと冒頭を置いて、どこの誰さんは二十でお嫁をお貰いたの、どこの何とかさんは二十二で子供を二人お持ちたのと、何でも例を半ダースばかり挙げて反駁を試みたには恐れ入った。
冷却,れいきゃく,냉각,こころ,夏目漱石,https://www.aozora.gr.jp/cards/000148/files/773_ruby_5968.zip,火に焼けて冷却し切った石造家屋の輪廓とは違っていた。
凄まじい,すさまじい,굉장하다 무시무시하다,人間失格,太宰治,https://www.aozora.gr.jp/cards/000035/files/301_ruby_5915.zip,自分は、ひとり逃げるようにまた屋上に駈け上り、寝ころび、雨を含んだ夏の夜空を仰ぎ、そのとき自分を襲った感情は、怒りでも無く、嫌悪でも無く、また、悲しみでも無く、もの凄まじい恐怖でした。
几帳面,きちょうめん,꼼꼼함,こころ,夏目漱石,https://www.aozora.gr.jp/cards/000148/files/773_ruby_5968.zip,十六私の行ったのはまだ灯の点くか点かない暮れ方であったが、几帳面な先生はもう宅にいなかった。
几帳面な,きちょうめんな,꼼꼼한 빈틈없는,こころ,夏目漱石,https://www.aozora.gr.jp/cards/000148/files/773_ruby_5968.zip,十六私の行ったのはまだ灯の点くか点かない暮れ方であったが、几帳面な先生はもう宅にいなかった。
処分,しょぶん,처분,坊っちゃん,夏目漱石,https://www.aozora.gr.jp/cards/000148/files/752_ruby_2438.zip,追って処分するまでは、今まで通り学校へ出ろ。
処分,しょぶん,처분,人間失格,太宰治,https://www.aozora.gr.jp/cards/000035/files/301_ruby_5915.zip,しかし、自分も、また、堀木でさえも、なかなか除名の処分に遭わず、殊にも自分は、その非合法の世界に於いては、合法の紳士たちの世界に於けるよりも、かえってのびのびと、所謂「健康」に振舞う事が出来ましたので、見込みのある「同志」として、噴き出したくなるほど過度に秘密めかした、さまざまの用事をたのまれるほどになったのです。
処置,しょち,조치,坊っちゃん,夏目漱石,https://www.aozora.gr.jp/cards/000148/files/752_ruby_2438.zip,兄にしては感心なやり方だ、何の六百円ぐらい貰わんでも困りはせんと思ったが、例に似ぬ淡泊な処置が気に入ったから、礼を云って貰っておいた。
出世,しゅっせ,출세,坊っちゃん,夏目漱石,https://www.aozora.gr.jp/cards/000148/files/752_ruby_2438.zip,清はおれをもって将来立身出世して立派なものになると思い込んでいた。
出血,しゅっけつ,출혈,坊っちゃん,夏目漱石,https://www.aozora.gr.jp/cards/000148/files/752_ruby_2438.zip,鼻柱をなぐられて大分出血したんだそうだ。
出血,しゅっけつ,출혈,人間失格,太宰治,https://www.aozora.gr.jp/cards/000035/files/301_ruby_5915.zip,五里霧中で、そうして時たま、虎の尾を踏む失敗をして、ひどい痛手を負い、それがまた、男性から受ける笞とちがって、内出血みたいに極度に不快に内攻して、なかなか治癒し難い傷でした。
分別,ふんべつ,분별 판단력,こころ,夏目漱石,https://www.aozora.gr.jp/cards/000148/files/773_ruby_5968.zip,私には知識もなく、経験もなく、また分別もありませんでした。
分別,ふんべつ,분별 판단력,坊っちゃん,夏目漱石,https://www.aozora.gr.jp/cards/000148/files/752_ruby_2438.zip,なぜと聞くと、今夜は古賀に気の毒だから――それにどうせ撲るくらいなら、あいつらの悪るい所を見届けて現場で撲らなくっちゃ、こっちの落度になるからと、分別のありそうな事を附加した。
分配,ぶんぱい,분배,こころ,夏目漱石,https://www.aozora.gr.jp/cards/000148/files/773_ruby_5968.zip,私はついに先生の忠告通り財産分配の事を父にいい出す機会を得ずに過ぎた。
切ない,せつない,애달픈,こころ,夏目漱石,https://www.aozora.gr.jp/cards/000148/files/773_ruby_5968.zip,彼の重々しい口から、彼のお嬢さんに対する切ない恋を打ち明けられた時の私を想像してみて下さい。
切り出す,きりだす,말을 꺼내다 잘라내다,こころ,夏目漱石,https://www.aozora.gr.jp/cards/000148/files/773_ruby_5968.zip,Ｋの自白に一段落が付いた今となって、こっちからまた同じ事を切り出すのは、どう思案しても変でした。
初版,しょはん,초판,羅生門,芥川龍之介,https://www.aozora.gr.jp/cards/000879/files/127_ruby_150.zip,年九月）底本：「芥川龍之介全集1」ちくま文庫、筑摩書房1986（昭和61）年9月24日第1刷発行1997（平成9）年4月15日第14刷発行底本の親本：「筑摩全集類聚芥川龍之介全集第一巻」筑摩書房1971（昭和46）年3月5日初版第1刷発行初出：「帝国文学」1915（大正4）年11月号※底本の編者による脚注は省略しました。
初版,しょはん,초판,銀河鉄道の夜,宮沢賢治,https://www.aozora.gr.jp/cards/000081/files/48222_ruby_59603.zip,底本：「【新】校本宮澤賢治全集第十一巻童話※本文篇」筑摩書房1996（平成8）年1月25日初版第1刷発行※底本のテキストは、著者草稿によります。
利子,りし,이자,こころ,夏目漱石,https://www.aozora.gr.jp/cards/000148/files/773_ruby_5968.zip,実をいうと私はそれから出る利子の半分も使えませんでした。
利益,りえき,이익,こころ,夏目漱石,https://www.aozora.gr.jp/cards/000148/files/773_ruby_5968.zip,私は思想上の問題について、大いなる利益を先生から受けた事を自白する。
利益,りえき,이익,坊っちゃん,夏目漱石,https://www.aozora.gr.jp/cards/000148/files/752_ruby_2438.zip,大変な不利益だ。
到達,とうたつ,도달,走れメロス,太宰治,https://www.aozora.gr.jp/cards/000035/files/1567_ruby_4948.zip,ぶらぶら歩いて二里行き三里行き、そろそろ全里程の半ばに到達した頃、降って湧いた災難、メロスの足は、はたと、とまった。
制裁,せいさい,제재,坊っちゃん,夏目漱石,https://www.aozora.gr.jp/cards/000148/files/752_ruby_2438.zip,だから表面上にあらわれたところだけで厳重な制裁を加えるのは、かえって未来のためによくないかとも思われます。
前例,ぜんれい,전례,こころ,夏目漱石,https://www.aozora.gr.jp/cards/000148/files/773_ruby_5968.zip,（先生に宛ててそういう事を書いても仕方がないとも思ったし、前例に徴してみると、とても返事をくれそうになかったから）。
割り込む,わりこむ,끼어들다,坊っちゃん,夏目漱石,https://www.aozora.gr.jp/cards/000148/files/752_ruby_2438.zip,学校の生徒は八百人もあるのだから、体操の教師が隊伍を整えて、一組一組の間を少しずつ明けて、それへ職員が一人か二人ずつ監督として割り込む仕掛けである。
創造,そうぞう,창조,こころ,夏目漱石,https://www.aozora.gr.jp/cards/000148/files/773_ruby_5968.zip,実をいうと、私がそんな言葉を創造したのも、お嬢さんに対する私の感情が土台になっていたのですから、事実を蒸溜して拵えた理論などをＫの耳に吹き込むよりも、原の形そのままを彼の眼の前に露出した方が、私にはたしかに利益だったでしょう。
創造,そうぞう,창조,人間失格,太宰治,https://www.aozora.gr.jp/cards/000035/files/301_ruby_5915.zip,、何でも無いものを、主観に依って美しく創造し、或いは醜いものに嘔吐をもよおしながらも、それに対する興味を隠さず、表現のよろこびにひたっている、つまり、人の思惑に少しもたよっていないらしいという、画法のプリミチヴな虎の巻を、竹一から、さずけられて、れいの女の来客たちには隠して、少しずつ、自画像の制作に取りかかってみました。
助手,じょしゅ,조수,銀河鉄道の夜,宮沢賢治,https://www.aozora.gr.jp/cards/000081/files/48222_ruby_59603.zip,だんだん近付いて見ると、一人のせいの高い、ひどい近眼鏡をかけ、長靴をはいた学者らしい人が、手帳に何かせわしさうに書きつけながら、鶴嘴をふりあげたり、スコープをつかったりしてゐる、三人の助手らしい人たちに夢中でいろいろ指図をしてゐました。
労力,ろうりょく,노력,こころ,夏目漱石,https://www.aozora.gr.jp/cards/000148/files/773_ruby_5968.zip,ところがこの過度の労力が次第に彼の健康と精神の上に影響して来たように見え出しました。
勉強家,べんきょうか,공부가 노력가,こころ,夏目漱石,https://www.aozora.gr.jp/cards/000148/files/773_ruby_5968.zip,それから勉強家だとも褒めてくれました。
勘定,かんじょう,계산 셈,こころ,夏目漱石,https://www.aozora.gr.jp/cards/000148/files/773_ruby_5968.zip,勘定してみると、先生が毎月例として墓参に行く日が、それからちょうど三日目に当っていた。
勘定,かんじょう,계산 셈,坊っちゃん,夏目漱石,https://www.aozora.gr.jp/cards/000148/files/752_ruby_2438.zip,三年間まあ人並に勉強はしたが別段たちのいい方でもないから、席順はいつでも下から勘定する方が便利であった。
勝利,しょうり,승리,こころ,夏目漱石,https://www.aozora.gr.jp/cards/000148/files/773_ruby_5968.zip,私の眼には勝利の色が多少輝いていたでしょう、私の声にはたしかに得意の響きがあったのです。
勢力,せいりょく,세력,こころ,夏目漱石,https://www.aozora.gr.jp/cards/000148/files/773_ruby_5968.zip,私の生れた地方は大変本願寺派の勢力の強い所でしたから、真宗の坊さんは他のものに比べると、物質的に割が好かったようです。
勢力,せいりょく,세력,坊っちゃん,夏目漱石,https://www.aozora.gr.jp/cards/000148/files/752_ruby_2438.zip,校長なんて狸のような顔をして、いやにフロック張っているが存外無勢力なものだ。
勧誘,かんゆう,권유,こころ,夏目漱石,https://www.aozora.gr.jp/cards/000148/files/773_ruby_5968.zip,叔父のいう所は、去年の勧誘を再び繰り返したのみです。
勧誘,かんゆう,권유,坊っちゃん,夏目漱石,https://www.aozora.gr.jp/cards/000148/files/752_ruby_2438.zip,ちと道楽にお始めなすってはいかがですと、飛んでもない勧誘をやる。
化石,かせき,화석,こころ,夏目漱石,https://www.aozora.gr.jp/cards/000148/files/773_ruby_5968.zip,私は彼の魔法棒のために一度に化石されたようなものです。
化石,かせき,화석,銀河鉄道の夜,宮沢賢治,https://www.aozora.gr.jp/cards/000081/files/48222_ruby_59603.zip,るくなって、まるで億万の蛍烏賊の火を一ぺんに化石させて、そら中に沈めたといふ工合、またダイアモンド会社で、ねだんがやすくならないために、わざと穫れないふりをして、かくして置いた金剛石を、誰かがいきなりひっくりかへして、ばら撒いたといふ風に、眼の前がさあっと明るくなって、ジョバンニは、思はず何べんも眼を擦ってしまひました。
匿名,とくめい,익명,人間失格,太宰治,https://www.aozora.gr.jp/cards/000035/files/301_ruby_5915.zip,京橋へ来て、こういうくだらない生活を既に一年ちかく続け、自分の漫画も、子供相手の雑誌だけでなく、駅売りの粗悪で卑猥な雑誌などにも載るようになり、自分は、上司幾太（情死、生きた）という、ふざけ切った匿名で、汚いはだかの絵など画き、それにたいていルバイヤットの詩句を插入しました。
卑しい,いやしい,천하다 비열하다,こころ,夏目漱石,https://www.aozora.gr.jp/cards/000148/files/773_ruby_5968.zip,よし解らないにしても気高い心持に支配されて、そちらの方へ動いて行こうとする意気組に卑しいところの見えるはずはありません。
単独,たんどく,단독,こころ,夏目漱石,https://www.aozora.gr.jp/cards/000148/files/773_ruby_5968.zip,みんな自由です、そうして悉く単独らしく思われたのです。
単独,たんどく,단독,坊っちゃん,夏目漱石,https://www.aozora.gr.jp/cards/000148/files/752_ruby_2438.zip,もっとも送別会などの節は特別であるが、単独にあまり上等でない場所へ行くのはよしたい――たとえば蕎麦屋だの、団子屋だの――と云いかけたらまた一同が笑った。
単調な,たんちょうな,단조로운,こころ,夏目漱石,https://www.aozora.gr.jp/cards/000148/files/773_ruby_5968.zip,そうしてその恐ろしさは、眼の前の光景が官能を刺激して起る単調な恐ろしさばかりではありません。
占領,せんりょう,점령,こころ,夏目漱石,https://www.aozora.gr.jp/cards/000148/files/773_ruby_5968.zip,叔父はもと私の部屋になっていた一間を占領している一番目の男の子を追い出して、私をそこへ入れました。
占領,せんりょう,점령,坊っちゃん,夏目漱石,https://www.aozora.gr.jp/cards/000148/files/752_ruby_2438.zip,驚いたのは、おれがいか銀の座敷を引き払うと、翌日から入れ違いに野だが平気な顔をして、おれの居た部屋を占領した事だ。
危機,きき,위기,人間失格,太宰治,https://www.aozora.gr.jp/cards/000035/files/301_ruby_5915.zip,おもてでは、絶えず笑顔をつくりながらも、内心は必死の、それこそ千番に一番の兼ね合いとでもいうべき危機一髪の、油汗流してのサーヴィスでした。
厳しい,きびしい,엄격한,こころ,夏目漱石,https://www.aozora.gr.jp/cards/000148/files/773_ruby_5968.zip,親を騙すような不埒なものに学資を送る事はできないという厳しい返事をすぐ寄こしたのです。
去る,さる,떠나다,こころ,夏目漱石,https://www.aozora.gr.jp/cards/000148/files/773_ruby_5968.zip,私はあたかもＫの室から逃れ出るように去るその後姿をちらりと認めただけでした。
去る,さる,떠나다,坊っちゃん,夏目漱石,https://www.aozora.gr.jp/cards/000148/files/752_ruby_2438.zip,まさか三週間以内にここを去る事もなかろう。
反射,はんしゃ,반사,こころ,夏目漱石,https://www.aozora.gr.jp/cards/000148/files/773_ruby_5968.zip,私の神経は相手から照り返して来る反射のないために段々静まりました。
反射,はんしゃ,반사,銀河鉄道の夜,宮沢賢治,https://www.aozora.gr.jp/cards/000081/files/48222_ruby_59603.zip,ジョバンニはその小さく小さくなっていまはもう一つの緑いろの貝ぼたんのやうに見える森の上にさっさっと青じろく時々光ってその孔雀がはねをひろげたりとぢたりする光の反射〔〕を見ました。
反感,はんかん,반감,羅生門,芥川龍之介,https://www.aozora.gr.jp/cards/000879/files/127_ruby_150.zip,むしろ、あらゆる悪に対する反感が、一分毎に強さを増して来たのである。
反感,はんかん,반감,こころ,夏目漱石,https://www.aozora.gr.jp/cards/000148/files/773_ruby_5968.zip,私は母に対して反感を抱くと共に、子に対して恋愛の度を増して行ったのですから、三人の関係は、下宿した始めよりは段々複雑になって来ました。
反響,はんきょう,반향,こころ,夏目漱石,https://www.aozora.gr.jp/cards/000148/files/773_ruby_5968.zip,無論私自身の心がこの言葉に反響するように、飛び立つ嬉しさをもっていなかったのが、一つの源因であった。
収容,しゅうよう,수용,人間失格,太宰治,https://www.aozora.gr.jp/cards/000035/files/301_ruby_5915.zip,自分は海辺の病院に収容せられ、故郷から親戚の者がひとり駈けつけ、さまざまの始末をしてくれて、そうして、くにの父をはじめ一家中が激怒しているから、これっきり生家とは義絶になるかも知れぬ、と自分に申し渡して帰りました。
取り扱う,とりあつかう,취급하다 다루다,こころ,夏目漱石,https://www.aozora.gr.jp/cards/000148/files/773_ruby_5968.zip,それからは私を自分の親戚に当る若いものか何かを取り扱うように待遇するのです。
古代,こだい,고대,人間失格,太宰治,https://www.aozora.gr.jp/cards/000035/files/301_ruby_5915.zip,それも、墓地の幽霊などに対する恐怖ではなく、神社の杉木立で白衣の御神体に逢った時に感ずるかも知れないような、四の五の言わさぬ古代の荒々しい恐怖感でした。
合併,がっぺい,합병,坊っちゃん,夏目漱石,https://www.aozora.gr.jp/cards/000148/files/752_ruby_2438.zip,増給を断わる奴が世の中にたった一人飛び出して来たのを不審に思ったのか、断わるにしても、今帰ったばかりで、すぐ出直してこなくってもよさそうなものだと、呆れ返ったのか、または双方合併したのか、妙な口をして突っ立ったままである。
合唱,がっしょう,합창,銀河鉄道の夜,宮沢賢治,https://www.aozora.gr.jp/cards/000081/files/48222_ruby_59603.zip,よほどの人数で合唱してゐるらしいのでした。
合間,あいま,틈,坊っちゃん,夏目漱石,https://www.aozora.gr.jp/cards/000148/files/752_ruby_2438.zip,おれと山嵐は校長と教頭に時間の合間を見計って、嘘のないところを一応説明した。
同志,どうし,동지,こころ,夏目漱石,https://www.aozora.gr.jp/cards/000148/files/773_ruby_5968.zip,私は彼に、もし我ら二人だけが男同志で永久に話を交換しているならば、二人はただ直線的に先へ延びて行くに過ぎないだろうといいました。
同志,どうし,동지,坊っちゃん,夏目漱石,https://www.aozora.gr.jp/cards/000148/files/752_ruby_2438.zip,ほかの連中は隣り同志で何だか私語き合っている。
同情,どうじょう,동정,こころ,夏目漱石,https://www.aozora.gr.jp/cards/000148/files/773_ruby_5968.zip,もし私の好奇心が幾分でも先生の心に向かって、研究的に働き掛けたなら、二人の間を繋ぐ同情の糸は、何の容赦もなくその時ふつりと切れてしまったろう。
同情,どうじょう,동정,人間失格,太宰治,https://www.aozora.gr.jp/cards/000035/files/301_ruby_5915.zip,「同情はするが、しかし、お前もこれで、少しは思い知ったろう。
同感,どうかん,동감,こころ,夏目漱石,https://www.aozora.gr.jp/cards/000148/files/773_ruby_5968.zip,「私も実は驚きました」と妹の夫も同感らしい言葉つきであった。
同級,どうきゅう,동급,こころ,夏目漱石,https://www.aozora.gr.jp/cards/000148/files/773_ruby_5968.zip,先生の元の同級生などで、その頃東京にいるものはほとんど二人か三人しかないという事も知っていた。
同級,どうきゅう,동급,銀河鉄道の夜,宮沢賢治,https://www.aozora.gr.jp/cards/000081/files/48222_ruby_59603.zip,ジョバンニの同級の子供らだったのです。
名称,めいしょう,명칭,こころ,夏目漱石,https://www.aozora.gr.jp/cards/000148/files/773_ruby_5968.zip,けれどもそんな家族のうちに、私のようなものが、突然行ったところで、素性の知れない書生さんという名称のもとに、すぐ拒絶されはしまいかという掛念もありました。
名簿,めいぼ,명부,こころ,夏目漱石,https://www.aozora.gr.jp/cards/000148/files/773_ruby_5968.zip,私は教場で先生が名簿を呼ぶ時に、Ｋの姓が急に変っていたので驚いたのを今でも記憶しています。
名誉,めいよ,명예,走れメロス,太宰治,https://www.aozora.gr.jp/cards/000035/files/1567_ruby_4948.zip,若い時から名誉を守れ。
名誉,めいよ,명예,坊っちゃん,夏目漱石,https://www.aozora.gr.jp/cards/000148/files/752_ruby_2438.zip,「僕の前任者が、誰れに乗ぜられたんです」「だれと指すと、その人の名誉に関係するから云えない。
名高い,なだかい,유명한,銀河鉄道の夜,宮沢賢治,https://www.aozora.gr.jp/cards/000081/files/48222_ruby_59603.zip,あれが名高いアルビレオの観測所です。
向上,こうじょう,향상,こころ,夏目漱石,https://www.aozora.gr.jp/cards/000148/files/773_ruby_5968.zip,最後に私はＫといっしょに住んで、いっしょに向上の路を辿って行きたいと発議しました。
呆然,ぼうぜん,망연,走れメロス,太宰治,https://www.aozora.gr.jp/cards/000035/files/1567_ruby_4948.zip,今宵呆然、歓喜に酔っているらしい花嫁に近寄り、「おめでとう。
告白,こくはく,고백,こころ,夏目漱石,https://www.aozora.gr.jp/cards/000148/files/773_ruby_5968.zip,先生自身すでにそうだと告白していた。
告白,こくはく,고백,人間失格,太宰治,https://www.aozora.gr.jp/cards/000035/files/301_ruby_5915.zip,ントがわかれば、罪の実体もつかめるような気がするんだけど、……神、……救い、……愛、……光、……しかし、神にはサタンというアントがあるし、救いのアントは苦悩だろうし、愛には憎しみ、光には闇というアントがあり、善には悪、罪と祈り、罪と悔い、罪と告白、罪と、……嗚呼、みんなシノニムだ、罪の対語は何だ」「ツミの対語は、ミツさ。
唱える,となえる,주장하다,坊っちゃん,夏目漱石,https://www.aozora.gr.jp/cards/000148/files/752_ruby_2438.zip,旅団長が祝詞を読む、知事が祝詞を読む、参列者が万歳を唱える。
喜劇,きげき,희극,人間失格,太宰治,https://www.aozora.gr.jp/cards/000035/files/301_ruby_5915.zip,ロイドに、そっくり」当時、ハロルド・ロイドとかいう外国の映画の喜劇役者が、日本で人気がありました。
嗜好,しこう,기호,こころ,夏目漱石,https://www.aozora.gr.jp/cards/000148/files/773_ruby_5968.zip,比較的上品な嗜好をもった田舎紳士だったのです。
噴出,ふんしゅつ,분출,人間失格,太宰治,https://www.aozora.gr.jp/cards/000035/files/301_ruby_5915.zip,さらにまた、堀木と附合って救われるのは、堀木が聞き手の思惑などをてんで無視して、その所謂情熱の噴出するがままに、（或いは、情熱とは、相手の立場を無視する事かも知れませんが）四六時中、くだらないおしゃべりを続け、あの、二人で歩いて疲れ、気まずい沈黙におちいる危懼が、全く無いという事でした。
回顧,かいこ,회고,こころ,夏目漱石,https://www.aozora.gr.jp/cards/000148/files/773_ruby_5968.zip,今から回顧すると、むしろ人に羨ましがられる方だったのでしょう。
土台,どだい,토대,こころ,夏目漱石,https://www.aozora.gr.jp/cards/000148/files/773_ruby_5968.zip,実をいうと、私がそんな言葉を創造したのも、お嬢さんに対する私の感情が土台になっていたのですから、事実を蒸溜して拵えた理論などをＫの耳に吹き込むよりも、原の形そのままを彼の眼の前に露出した方が、私にはたしかに利益だったでしょう。
圧迫,あっぱく,압박,こころ,夏目漱石,https://www.aozora.gr.jp/cards/000148/files/773_ruby_5968.zip,適当の時機が来なくっちゃ話さないんだから」私は下宿へ帰ってからも一種の圧迫を感じた。
地獄,じごく,지옥,人間失格,太宰治,https://www.aozora.gr.jp/cards/000035/files/301_ruby_5915.zip,自分は小さい時から、実にしばしば、仕合せ者だと人に言われて来ましたが、自分ではいつも地獄の思いで、かえって、自分を仕合せ者だと言ったひとたちのほうが、比較にも何もならぬくらいずっとずっと安楽なように自分には見えるのです。
垣根,かきね,울타리,坊っちゃん,夏目漱石,https://www.aozora.gr.jp/cards/000148/files/752_ruby_2438.zip,痛かったから勘太郎を垣根へ押しつけておいて、足搦をかけて向うへ倒してやった。
城下,じょうか,성 아래,坊っちゃん,夏目漱石,https://www.aozora.gr.jp/cards/000148/files/752_ruby_2438.zip,二十五万石の城下だって高の知れたものだ。
執着,しゅうちゃく,집착,こころ,夏目漱石,https://www.aozora.gr.jp/cards/000148/files/773_ruby_5968.zip,私は先生の性質の特色として、こんな執着力をいまだかつて想像した事さえなかった。
基調,きちょう,기조,こころ,夏目漱石,https://www.aozora.gr.jp/cards/000148/files/773_ruby_5968.zip,私にそれができなかったのは、学問の交際が基調を構成している二人の親しみに、自から一種の惰性があったため、思い切ってそれを突き破るだけの勇気が私に欠けていたのだという事をここに自白します。
堂々と,どうどうと,당당하게,坊っちゃん,夏目漱石,https://www.aozora.gr.jp/cards/000148/files/752_ruby_2438.zip,元来ならおれが山嵐と戦争をはじめて鎬を削ってる真中へ出て堂々とおれの肩を持つべきだ。
堂々と,どうどうと,당당하게,人間失格,太宰治,https://www.aozora.gr.jp/cards/000035/files/301_ruby_5915.zip,この世には、さまざまの不幸な人が、いや、不幸な人ばかり、と言っても過言ではないでしょうが、しかし、その人たちの不幸は、所謂世間に対して堂々と抗議が出来、また「世間」もその人たちの抗議を容易に理解し同情します。
壊す,こわす,부수다,こころ,夏目漱石,https://www.aozora.gr.jp/cards/000148/files/773_ruby_5968.zip,先生は奥さんの幸福を破壊する前に、まず自分の生命を破壊してしまった。
夕闇,ゆうやみ,땅거미,羅生門,芥川龍之介,https://www.aozora.gr.jp/cards/000879/files/127_ruby_150.zip,夕闇は次第に空を低くして、見上げると、門の屋根が、斜につき出した甍の先に、重たくうす暗い雲を支えている。
外観,がいかん,외관,こころ,夏目漱石,https://www.aozora.gr.jp/cards/000148/files/773_ruby_5968.zip,私は朝飯とも午飯とも片付かない茶椀を手に持ったまま、どんな風に問題を切り出したものだろうかと、そればかりに屈托していたから、外観からは実際気分の好くない病人らしく見えただろうと思います。
大事件,だいじけん,대사건,こころ,夏目漱石,https://www.aozora.gr.jp/cards/000148/files/773_ruby_5968.zip,洋服を着た人を見ると犬が吠えるような所では、一通の電報すら大事件であった。
大事件,だいじけん,대사건,坊っちゃん,夏目漱石,https://www.aozora.gr.jp/cards/000148/files/752_ruby_2438.zip,別段際だった大事件にも出逢わないのに、もう五つ六つ年を取ったような気がする。
大方,おおかた,대체로 대부분,羅生門,芥川龍之介,https://www.aozora.gr.jp/cards/000879/files/127_ruby_150.zip,じゃて、その仕方がない事を、よく知っていたこの女は、大方わしのする事も大目に見てくれるであろ。
大方,おおかた,대체로 대부분,こころ,夏目漱石,https://www.aozora.gr.jp/cards/000148/files/773_ruby_5968.zip,――嘔気はあるんですか」「どうですか、何とも書いてないから、大方ないんでしょう」「吐気さえ来なければまだ大丈夫ですよ」と奥さんがいった。
大概,たいがい,대개,こころ,夏目漱石,https://www.aozora.gr.jp/cards/000148/files/773_ruby_5968.zip,眼の前にある樹は大概楓であったが、その枝に滴るように吹いた軽い緑の若葉が、段々暗くなって行くように思われた。
大概,たいがい,대개,坊っちゃん,夏目漱石,https://www.aozora.gr.jp/cards/000148/files/752_ruby_2438.zip,学校は昨日車で乗りつけたから、大概の見当は分っている。
大流行,だいりゅうこう,대유행,人間失格,太宰治,https://www.aozora.gr.jp/cards/000035/files/301_ruby_5915.zip,自分たちの少年の頃には、日本ではフランスの所謂印象派の画が大流行していて、洋画鑑賞の第一歩を、たいていこのあたりからはじめたもので、ゴッホ、ゴーギャン、セザンヌ、ルナアルなどというひとの絵は、田舎の中学生でも、たいていその写真版を見て知っていたのでした。
大雨,おおあめ,큰비 폭우,走れメロス,太宰治,https://www.aozora.gr.jp/cards/000035/files/1567_ruby_4948.zip,新郎新婦の、神々への宣誓が済んだころ、黒雲が空を覆い、ぽつりぽつり雨が降り出し、やがて車軸を流すような大雨となった。
天下,てんか,천하,こころ,夏目漱石,https://www.aozora.gr.jp/cards/000148/files/773_ruby_5968.zip,妻の方でも、私を天下にただ一人しかない男と思ってくれています。
天下,てんか,천하,坊っちゃん,夏目漱石,https://www.aozora.gr.jp/cards/000148/files/752_ruby_2438.zip,天下に某と云う名前の人があるか。
天国,てんごく,천국,人間失格,太宰治,https://www.aozora.gr.jp/cards/000035/files/301_ruby_5915.zip,地獄は信ぜられても、天国の存在は、どうしても信ぜられなかったのです。
天地,てんち,천지,こころ,夏目漱石,https://www.aozora.gr.jp/cards/000148/files/773_ruby_5968.zip,私は籠を抜け出した小鳥の心をもって、広い天地を一目に見渡しながら、自由に羽搏きをした。
天地,てんち,천지,坊っちゃん,夏目漱石,https://www.aozora.gr.jp/cards/000148/files/752_ruby_2438.zip,平常から天地の間に居候をしているように、小さく構えているのがいかにも憐れに見えたが、今夜は憐れどころの騒ぎではない。
天才,てんさい,천재,人間失格,太宰治,https://www.aozora.gr.jp/cards/000035/files/301_ruby_5915.zip,化もその頃にはいよいよぴったり身について来て、人をあざむくのに以前ほどの苦労を必要としなくなっていたからである、と解説してもいいでしょうが、しかし、それよりも、肉親と他人、故郷と他郷、そこには抜くべからざる演技の難易の差が、どのような天才にとっても、たとい神の子のイエスにとっても、存在しているものなのではないでしょうか。
奪う,うばう,빼앗다,こころ,夏目漱石,https://www.aozora.gr.jp/cards/000148/files/773_ruby_5968.zip,妻にすべてを打ち明ける事のできないくらいな私ですから、自分の運命の犠牲として、妻の天寿を奪うなどという手荒な所作は、考えてさえ恐ろしかったのです。
妊娠,にんしん,임신,こころ,夏目漱石,https://www.aozora.gr.jp/cards/000148/files/773_ruby_5968.zip,妹は妊娠中であった。
妥協,だきょう,타협,こころ,夏目漱石,https://www.aozora.gr.jp/cards/000148/files/773_ruby_5968.zip,Ｋがこの事件のために復籍してしまうか、それとも他に妥協の道を講じて、依然養家に留まるか、そこはこれから起る問題として、差し当りどうかしなければならないのは、月々に必要な学資でした。
妨害,ぼうがい,방해,こころ,夏目漱石,https://www.aozora.gr.jp/cards/000148/files/773_ruby_5968.zip,不思議にも、その妨害が私には一向邪魔にならなかったのです。
始末,しまつ,처리,羅生門,芥川龍之介,https://www.aozora.gr.jp/cards/000879/files/127_ruby_150.zip,洛中がその始末であるから、羅生門の修理などは、元より誰も捨てて顧る者がなかった。
始末,しまつ,처리,こころ,夏目漱石,https://www.aozora.gr.jp/cards/000148/files/773_ruby_5968.zip,二十八「君のうちに財産があるなら、今のうちによく始末をつけてもらっておかないといけないと思うがね、余計なお世話だけれども。
威力,いりょく,위력,坊っちゃん,夏目漱石,https://www.aozora.gr.jp/cards/000148/files/752_ruby_2438.zip,金や威力や理屈で人間の心が買える者なら、高利貸でも巡査でも大学教授でも一番人に好かれなくてはならない。
嫉妬,しっと,질투,こころ,夏目漱石,https://www.aozora.gr.jp/cards/000148/files/773_ruby_5968.zip,今から回顧すると、私のＫに対する嫉妬は、その時にもう充分萌していたのです。
孤独な,こどくな,고독한,こころ,夏目漱石,https://www.aozora.gr.jp/cards/000148/files/773_ruby_5968.zip,自分が死んだ後、この孤独な母を、たった一人伽藍堂のわが家に取り残すのもまた甚だしい不安であった。
安静,あんせい,안정,こころ,夏目漱石,https://www.aozora.gr.jp/cards/000148/files/773_ruby_5968.zip,上野から帰った晩は、私に取って比較的安静な夜でした。
実家,じっか,본가,こころ,夏目漱石,https://www.aozora.gr.jp/cards/000148/files/773_ruby_5968.zip,Ｋはまたそれと前後して実家から受け取った書翰も見せました。
実情,じつじょう,실정,人間失格,太宰治,https://www.aozora.gr.jp/cards/000035/files/301_ruby_5915.zip,この地獄からのがれるための最後の手段、これが失敗したら、あとはもう首をくくるばかりだ、という神の存在を賭けるほどの決意を以て、自分は、故郷の父あてに長い手紙を書いて、自分の実情一さいを（女の事は、さすがに書けませんでしたが）告白する事にしました。
実業家,じつぎょうか,실업가,坊っちゃん,夏目漱石,https://www.aozora.gr.jp/cards/000148/files/752_ruby_2438.zip,兄は実業家になるとか云ってしきりに英語を勉強していた。
宿命,しゅくめい,숙명,こころ,夏目漱石,https://www.aozora.gr.jp/cards/000148/files/773_ruby_5968.zip,私に私の宿命がある通り、妻には妻の廻り合せがあります、二人を一束にして火に燻べるのは、無理という点から見ても、痛ましい極端としか私には思えませんでした。
寄贈,きぞう,기증,銀河鉄道の夜,宮沢賢治,https://www.aozora.gr.jp/cards/000081/files/48222_ruby_59603.zip,この前お父さんが持ってきて学校へ寄贈した巨きな蟹の甲らだのとなかひの角だの今だってみんな標本室にあるんだ。
密封,みっぷう,밀봉,こころ,夏目漱石,https://www.aozora.gr.jp/cards/000148/files/773_ruby_5968.zip,私は風の通らない厚羅紗の下に密封された自分の身体を持て余した。
対面,たいめん,대면,こころ,夏目漱石,https://www.aozora.gr.jp/cards/000148/files/773_ruby_5968.zip,しかもその信用は初対面の時からあったのだという証拠さえ発見しました。
封建,ほうけん,봉건,坊っちゃん,夏目漱石,https://www.aozora.gr.jp/cards/000148/files/752_ruby_2438.zip,ただ清は昔風の女だから、自分とおれの関係を封建時代の主従のように考えていた。
尊い・貴い,とうとい,존귀하다 귀중하다,こころ,夏目漱石,https://www.aozora.gr.jp/cards/000148/files/773_ruby_5968.zip,それだから尊いのかも知れないが、もし間違えて裏へ出たとしたら、どんな結果が二人の仲に落ちて来たろう。
展望,てんぼう,전망,人間失格,太宰治,https://www.aozora.gr.jp/cards/000035/files/301_ruby_5915.zip,月30日発行1985（昭和60）年１月30日100刷改版初出：「展望」筑摩書房1948年（昭和23年）6～8月号入力：細渕真弓校正：八巻美惠1999年1月1日公開2011年1月9日修正青空文庫作成ファイル：このファイルは、インターネットの図書館、青空文庫（http://www.aozora.gr.jp/）で作られました。
展開,てんかい,전개,こころ,夏目漱石,https://www.aozora.gr.jp/cards/000148/files/773_ruby_5968.zip,その極あなたは私の過去を絵巻物のように、あなたの前に展開してくれと逼った。
展開,てんかい,전개,人間失格,太宰治,https://www.aozora.gr.jp/cards/000035/files/301_ruby_5915.zip,しかし、事態は、実に思いがけなく、もっと悪く展開せられました。
履歴,りれき,이력,坊っちゃん,夏目漱石,https://www.aozora.gr.jp/cards/000148/files/752_ruby_2438.zip,履歴書にもかいときましたが二十三年四ヶ月ですから」「さ、そこで思わぬ辺から乗ぜられる事があるんです」「正直にしていれば誰が乗じたって怖くはないです」「無論怖くはない、怖くはないが、乗ぜられる。
崩壊,ほうかい,붕괴,人間失格,太宰治,https://www.aozora.gr.jp/cards/000035/files/301_ruby_5915.zip,粛」の場であっても、そこへこの言葉が一言でもひょいと顔を出すと、みるみる憂鬱の伽藍が崩壊し、ただのっぺらぼうになってしまうような心地がするものですけれども、惚れられるつらさ、などという俗語でなく、愛せられる不安、とでもいう文学語を用いると、あながち憂鬱の伽藍をぶちこわす事にはならないようですから、奇妙なものだと思います。
巣,す,둥지,羅生門,芥川龍之介,https://www.aozora.gr.jp/cards/000879/files/127_ruby_150.zip,これは、その濁った、黄いろい光が、隅々に蜘蛛の巣をかけた天井裏に、揺れながら映ったので、すぐにそれと知れたのである。
巣,す,둥지,走れメロス,太宰治,https://www.aozora.gr.jp/cards/000035/files/1567_ruby_4948.zip,もう、どうでもいいという、勇者に不似合いな不貞腐れた根性が、心の隅に巣喰った。
工夫,くふう,궁리,こころ,夏目漱石,https://www.aozora.gr.jp/cards/000148/files/773_ruby_5968.zip,私は氷を日向へ出して溶かす工夫をしたのです。
工夫,くふう,궁리,坊っちゃん,夏目漱石,https://www.aozora.gr.jp/cards/000148/files/752_ruby_2438.zip,どうしたら困るだろう」「あんな奸物の遣る事は、何でも証拠の挙がらないように、挙がらないようにと工夫するんだから、反駁するのはむずかしいね」「厄介だな。
工面,くめん,돈 마련,こころ,夏目漱石,https://www.aozora.gr.jp/cards/000148/files/773_ruby_5968.zip,暑中休暇を利用して海水浴に行った友達からぜひ来いという端書を受け取ったので、私は多少の金を工面して、出掛ける事にした。
巧みな,たくみな,교묘한 능숙한,人間失格,太宰治,https://www.aozora.gr.jp/cards/000035/files/301_ruby_5915.zip,こんどの笑顔は、皺くちゃの猿の笑いでなく、かなり巧みな微笑になってはいるが、しかし、人間の笑いと、どこやら違う。
巧妙な,こうみょうな,교묘한,坊っちゃん,夏目漱石,https://www.aozora.gr.jp/cards/000148/files/752_ruby_2438.zip,いやなら否でもいいが、もう一返うちでよく考えてみませんか」おれの頭はあまりえらくないのだから、いつもなら、相手がこういう巧妙な弁舌を揮えば、おやそうかな、それじゃ、おれが間違ってたと恐れ入って引きさがるのだけれども、今夜はそうは行かない。
差し出す,さしだす,내밀다 제출하다,走れメロス,太宰治,https://www.aozora.gr.jp/cards/000035/files/1567_ruby_4948.zip,このごろは、臣下の心をも、お疑いになり、少しく派手な暮しをしている者には、人質ひとりずつ差し出すことを命じて居ります。
市場,しじょう,시장,こころ,夏目漱石,https://www.aozora.gr.jp/cards/000148/files/773_ruby_5968.zip,赤い色だの藍の色だの、普通市場に上らないような色をした小魚が、透き通る波の中をあちらこちらと泳いでいるのが鮮やかに指さされました。
帯びる,おびる,띠다,こころ,夏目漱石,https://www.aozora.gr.jp/cards/000148/files/773_ruby_5968.zip,よしその時にそれだけの覚悟がないにしても、成人した眼で、過去を振り返る必要が起った場合には、私に割り当てられただけの責任は、私の方で帯びるのが至当になるくらいな語気で私は賛成したのです。
平たい,ひらたい,평평하다 쉬운 표현이다,銀河鉄道の夜,宮沢賢治,https://www.aozora.gr.jp/cards/000081/files/48222_ruby_59603.zip,ジョバンニはその人の卓子の足もとから一つの小さな平たい函をとりだして向ふの電燈のたくさんついた、たてかけてある壁の隅の所へしゃがみ込むと小さなピンセットでまるで粟粒ぐらゐの活字を次から次と拾ひはじめました。
平常,へいじょう,평상,こころ,夏目漱石,https://www.aozora.gr.jp/cards/000148/files/773_ruby_5968.zip,家のうちが平常より何だかひっそりしていたから聞いて見ただけの事です。
平常,へいじょう,평상,坊っちゃん,夏目漱石,https://www.aozora.gr.jp/cards/000148/files/752_ruby_2438.zip,会議室は校長室の隣りにある細長い部屋で、平常は食堂の代理を勤める。
年長,ねんちょう,연장,こころ,夏目漱石,https://www.aozora.gr.jp/cards/000148/files/773_ruby_5968.zip,私はそれが年長者に対する私の口癖だといって弁解した。
年長,ねんちょう,연장,人間失格,太宰治,https://www.aozora.gr.jp/cards/000035/files/301_ruby_5915.zip,その画学生は、堀木正雄といって、東京の下町に生れ、自分より六つ年長者で、私立の美術学校を卒業して、家にアトリエが無いので、この画塾に通い、洋画の勉強をつづけているのだそうです。
幾多,いくた,수많은,こころ,夏目漱石,https://www.aozora.gr.jp/cards/000148/files/773_ruby_5968.zip,二人の間には目を遮る幾多の黒い頭が動いていた。
弁償,べんしょう,변상,こころ,夏目漱石,https://www.aozora.gr.jp/cards/000148/files/773_ruby_5968.zip,養家から出してもらった学資は、実家で弁償する事になったのです。
弁解,べんかい,변명,こころ,夏目漱石,https://www.aozora.gr.jp/cards/000148/files/773_ruby_5968.zip,私はそれが年長者に対する私の口癖だといって弁解した。
弁解,べんかい,변명,坊っちゃん,夏目漱石,https://www.aozora.gr.jp/cards/000148/files/752_ruby_2438.zip,と叱ったら、私は存じませんと弁解をした。
弁論,べんろん,변론,坊っちゃん,夏目漱石,https://www.aozora.gr.jp/cards/000148/files/752_ruby_2438.zip,だから先がどれほどうまく論理的に弁論を逞くしようとも、堂々たる教頭流におれを遣り込めようとも、そんな事は構わない。
弁護,べんご,변호,こころ,夏目漱石,https://www.aozora.gr.jp/cards/000148/files/773_ruby_5968.zip,私は強いても何かの事情を仮定して先生の態度を弁護しなければ不安になった。
弁護,べんご,변호,坊っちゃん,夏目漱石,https://www.aozora.gr.jp/cards/000148/files/752_ruby_2438.zip,もともと返報にした事だから、こちらの弁護は向うの非が挙がらない上は弁護にならない。
引きずる,ひきずる,질질 끌다,走れメロス,太宰治,https://www.aozora.gr.jp/cards/000035/files/1567_ruby_4948.zip,満身の力を腕にこめて、押し寄せ渦巻き引きずる流れを、なんのこれしきと掻きわけ掻きわけ、めくらめっぽう獅子奮迅の人の子の姿には、神も哀れと思ったか、ついに憐愍を垂れてくれた。
引き取る,ひきとる,인수하다 데려가다 물러나다,こころ,夏目漱石,https://www.aozora.gr.jp/cards/000148/files/773_ruby_5968.zip,私は溺れかかった人を抱いて、自分の熱を向うに移してやる覚悟で、Ｋを引き取るのだと告げました。
強烈な,きょうれつな,강렬한,こころ,夏目漱石,https://www.aozora.gr.jp/cards/000148/files/773_ruby_5968.zip,私は先生のこの人生観の基点に、或る強烈な恋愛事件を仮定してみた。
強盗,ごうとう,강도,こころ,夏目漱石,https://www.aozora.gr.jp/cards/000148/files/773_ruby_5968.zip,私にはＫがその刹那に居直り強盗のごとく感ぜられたのです。
弾力,だんりょく,탄력,こころ,夏目漱石,https://www.aozora.gr.jp/cards/000148/files/773_ruby_5968.zip,私の心は五分と経たないうちに平素の弾力を回復した。
当人,とうにん,본인,こころ,夏目漱石,https://www.aozora.gr.jp/cards/000148/files/773_ruby_5968.zip,それに肝心の当人が気に入らなかった。
当人,とうにん,본인,坊っちゃん,夏目漱石,https://www.aozora.gr.jp/cards/000148/files/752_ruby_2438.zip,当人の説明では赤は身体に薬になるから、衛生のためにわざわざ誂らえるんだそうだが、入らざる心配だ。
待遇,たいぐう,대우,こころ,夏目漱石,https://www.aozora.gr.jp/cards/000148/files/773_ruby_5968.zip,それからは私を自分の親戚に当る若いものか何かを取り扱うように待遇するのです。
待遇,たいぐう,대우,坊っちゃん,夏目漱石,https://www.aozora.gr.jp/cards/000148/files/752_ruby_2438.zip,何でこの両人が当然の義務を免かれるのかと聞いてみたら、奏任待遇だからと云う。
復活,ふっかつ,부활,こころ,夏目漱石,https://www.aozora.gr.jp/cards/000148/files/773_ruby_5968.zip,そうしてその上に彩られる大都会の空気が、記憶の復活に伴う強い刺戟と共に、濃く私の心を染め付けた。
微塵,みじん,미진,走れメロス,太宰治,https://www.aozora.gr.jp/cards/000035/files/1567_ruby_4948.zip,きのうの豪雨で山の水源地は氾濫し、濁流滔々と下流に集り、猛勢一挙に橋を破壊し、どうどうと響きをあげる激流が、木葉微塵に橋桁を跳ね飛ばしていた。
微妙,びみょう,미묘,こころ,夏目漱石,https://www.aozora.gr.jp/cards/000148/files/773_ruby_5968.zip,不思議にもその鼓動の音が、ある微妙な意識状態から、先生の力で強められているように感じた。
微妙,びみょう,미묘,人間失格,太宰治,https://www.aozora.gr.jp/cards/000035/files/301_ruby_5915.zip,ややこしく、どこか朦朧として、逃腰とでもいったみたいな微妙な複雑さがあり、そのほとんど無益と思われるくらいの厳重な警戒と、無数といっていいくらいの小うるさい駈引とには、いつも自分は当惑し、どうでもいいやという気分になって、お道化で茶化したり、または無言の首肯で一さいおまかせという、謂わば敗北の態度をとってしまうのでした。
微妙な,びみょうな,미묘한,こころ,夏目漱石,https://www.aozora.gr.jp/cards/000148/files/773_ruby_5968.zip,不思議にもその鼓動の音が、ある微妙な意識状態から、先生の力で強められているように感じた。
微妙な,びみょうな,미묘한,人間失格,太宰治,https://www.aozora.gr.jp/cards/000035/files/301_ruby_5915.zip,ややこしく、どこか朦朧として、逃腰とでもいったみたいな微妙な複雑さがあり、そのほとんど無益と思われるくらいの厳重な警戒と、無数といっていいくらいの小うるさい駈引とには、いつも自分は当惑し、どうでもいいやという気分になって、お道化で茶化したり、または無言の首肯で一さいおまかせという、謂わば敗北の態度をとってしまうのでした。
心中,しんじゅう,동반 자살,坊っちゃん,夏目漱石,https://www.aozora.gr.jp/cards/000148/files/752_ruby_2438.zip,こんなのが江戸っ子なら江戸には生れたくないもんだと心中に考えた。
心得,こころえ,소양,こころ,夏目漱石,https://www.aozora.gr.jp/cards/000148/files/773_ruby_5968.zip,けれども、己の身体は必竟己の身体で、その己の身体についての養生法は、多年の経験上、己が一番能く心得ているはずだからね」といった。
心得,こころえ,소양,坊っちゃん,夏目漱石,https://www.aozora.gr.jp/cards/000148/files/752_ruby_2438.zip,そんな礼儀を心得ぬ奴の所へ誰が遊びに行くものか。
心構え,こころがまえ,마음가짐,走れメロス,太宰治,https://www.aozora.gr.jp/cards/000035/files/1567_ruby_4948.zip,」「疑うのが、正当の心構えなのだと、わしに教えてくれたのは、おまえたちだ。
心構え,こころがまえ,마음가짐,人間失格,太宰治,https://www.aozora.gr.jp/cards/000035/files/301_ruby_5915.zip,けれども自分は、竹一の言葉に依って、自分のそれまでの絵画に対する心構えが、まるで間違っていた事に気が附きました。
心細い,こころぼそい,불안한,こころ,夏目漱石,https://www.aozora.gr.jp/cards/000148/files/773_ruby_5968.zip,その上年寄が二人ぎりで田舎にいるのは定めて心細いだろう、我々も子として遺憾の至りであるというような感傷的な文句さえ使った。
忍耐,にんたい,인내,こころ,夏目漱石,https://www.aozora.gr.jp/cards/000148/files/773_ruby_5968.zip,私にいわせると、彼は我慢と忍耐の区別を了解していないように思われたのです。
忘却,ぼうきゃく,망각,人間失格,太宰治,https://www.aozora.gr.jp/cards/000035/files/301_ruby_5915.zip,いよ、銀座は敬遠の形でしたが、しかし、そのおっくうがるという性質は、決して自分の狡猾さではなく、女性というものは、休んでからの事と、朝、起きてからの事との間に、一つの、塵ほどの、つながりをも持たせず、完全の忘却の如く、見事に二つの世界を切断させて生きているという不思議な現象を、まだよく呑みこんでいなかったからなのでした。
忠実な,ちゅうじつな,충실한,こころ,夏目漱石,https://www.aozora.gr.jp/cards/000148/files/773_ruby_5968.zip,分り切ってるとおっしゃるんですか」「まあそうよ」「そのくらい先生に忠実なあなたが急にいなくなったら、先生はどうなるんでしょう。
念頭,ねんとう,염두,こころ,夏目漱石,https://www.aozora.gr.jp/cards/000148/files/773_ruby_5968.zip,私はそれを念頭に浮べてさえすでに一種の不愉快を感じました。
念頭,ねんとう,염두,人間失格,太宰治,https://www.aozora.gr.jp/cards/000035/files/301_ruby_5915.zip,現にその嘲笑する人をも含めて、人間は、お互いの不信の中で、エホバも何も念頭に置かず、平気で生きているではありませんか。
思い立つ,おもいたつ,마음먹다 결심하다,こころ,夏目漱石,https://www.aozora.gr.jp/cards/000148/files/773_ruby_5968.zip,しかし私がどの方面かへ切って出ようと思い立つや否や、恐ろしい力がどこからか出て来て、私の心をぐいと握り締めて少しも動けないようにするのです。
恋愛,れんあい,연애,こころ,夏目漱石,https://www.aozora.gr.jp/cards/000148/files/773_ruby_5968.zip,先生は美しい恋愛の裏に、恐ろしい悲劇を持っていた。
悲鳴,ひめい,비명,人間失格,太宰治,https://www.aozora.gr.jp/cards/000035/files/301_ruby_5915.zip,ぎゃっという悲鳴が出る」堀木は、いよいよ得意そうに、「世渡りの才能だけでは、いつかは、ボロが出るからな」世渡りの才能。
情熱,じょうねつ,정열,人間失格,太宰治,https://www.aozora.gr.jp/cards/000035/files/301_ruby_5915.zip,さらにまた、堀木と附合って救われるのは、堀木が聞き手の思惑などをてんで無視して、その所謂情熱の噴出するがままに、（或いは、情熱とは、相手の立場を無視する事かも知れませんが）四六時中、くだらないおしゃべりを続け、あの、二人で歩いて疲れ、気まずい沈黙におちいる危懼が、全く無いという事でした。
惜しむ,おしむ,아까워하다,こころ,夏目漱石,https://www.aozora.gr.jp/cards/000148/files/773_ruby_5968.zip,しかし時間を惜しむ彼にとって、この仕事がどのくらい辛かったかは想像するまでもない事です。
惜しむ,おしむ,아까워하다,坊っちゃん,夏目漱石,https://www.aozora.gr.jp/cards/000148/files/752_ruby_2438.zip,ことごとく送別の辞を述べたが、三人共申し合せたようにうらなり君の、良教師で好人物な事を吹聴して、今回去られるのはまことに残念である、学校としてのみならず、個人として大いに惜しむところであるが、ご一身上のご都合で、切に転任をご希望になったのだから致し方がないという意味を述べた。
意向,いこう,의향,人間失格,太宰治,https://www.aozora.gr.jp/cards/000035/files/301_ruby_5915.zip,けれども、自分は、父がそのお獅子を自分に買って与えたいのだという事に気がつき、父のその意向に迎合して、父の機嫌を直したいばかりに、深夜、客間に忍び込むという冒険を、敢えておかしたのでした。
意地,いじ,고집 심술,こころ,夏目漱石,https://www.aozora.gr.jp/cards/000148/files/773_ruby_5968.zip,私はその笑いのうちに、些とも意地の悪いアイロニーを認めなかった。
意地,いじ,고집 심술,坊っちゃん,夏目漱石,https://www.aozora.gr.jp/cards/000148/files/752_ruby_2438.zip,しかし自分がわるくないのにこっちから身を引くのは法螺吹きの新聞屋をますます増長させる訳だから、新聞屋を正誤させて、おれが意地にも務めるのが順当だと考えた。
意義,いぎ,의의 의미,こころ,夏目漱石,https://www.aozora.gr.jp/cards/000148/files/773_ruby_5968.zip,経験のない当時の私は、この予言の中に含まれている明白な意義さえ了解し得なかった。
意義,いぎ,의의 의미,人間失格,太宰治,https://www.aozora.gr.jp/cards/000035/files/301_ruby_5915.zip,下手に私の筆を加えるよりは、これはこのまま、どこかの雑誌社にたのんで発表してもらったほうが、なお、有意義な事のように思われた。
愚かな,おろかな,어리석은,人間失格,太宰治,https://www.aozora.gr.jp/cards/000035/files/301_ruby_5915.zip,女のいないところへ行くという、あのジアールを飲んだ時の自分の愚かなうわごとが、まことに奇妙に実現せられたわけでした。
愛顧,あいこ,애고 단골로 아껴 줌,坊っちゃん,夏目漱石,https://www.aozora.gr.jp/cards/000148/files/752_ruby_2438.zip,私はこれから遠方へ参りますが、なにとぞ従前の通りお見捨てなくご愛顧のほどを願います。
慕う,したう,사모하다,人間失格,太宰治,https://www.aozora.gr.jp/cards/000035/files/301_ruby_5915.zip,しかし、その見はった眼には、驚愕の色も嫌悪の色も無く、ほとんど救いを求めるような、慕うような色があらわれているのでした。
慣例,かんれい,관례,人間失格,太宰治,https://www.aozora.gr.jp/cards/000035/files/301_ruby_5915.zip,してその翌日も同じ事を繰返して、昨日に異らぬ慣例に従えばよい。
成就,じょうじゅ,성취,羅生門,芥川龍之介,https://www.aozora.gr.jp/cards/000879/files/127_ruby_150.zip,後に残ったのは、ただ、ある仕事をして、それが円満に成就した時の、安らかな得意と満足とがあるばかりである。
所得,しょとく,소득,坊っちゃん,夏目漱石,https://www.aozora.gr.jp/cards/000148/files/752_ruby_2438.zip,下宿の婆さんが君に話した事を事実としたところで、君の増給は古賀君の所得を削って得たものではないでしょう。
所有,しょゆう,소유,こころ,夏目漱石,https://www.aozora.gr.jp/cards/000148/files/773_ruby_5968.zip,私の過去は私だけの経験だから、私だけの所有といっても差支えないでしょう。
所有,しょゆう,소유,坊っちゃん,夏目漱石,https://www.aozora.gr.jp/cards/000148/files/752_ruby_2438.zip,ところへ両隣りの机の所有主も出校したんで、赤シャツは早々自分の席へ帰って行った。
手当,てあて,수당,こころ,夏目漱石,https://www.aozora.gr.jp/cards/000148/files/773_ruby_5968.zip,家内のものは軽症の脳溢血と思い違えて、すぐその手当をした。
手当,てあて,수당,人間失格,太宰治,https://www.aozora.gr.jp/cards/000035/files/301_ruby_5915.zip,としが明けて厳寒の夜、自分は酔って煙草を買いに出て、その煙草屋の前のマンホールに落ちて、ヨシちゃん、たすけてくれえ、と叫び、ヨシちゃんに引き上げられ、右腕の傷の手当を、ヨシちゃんにしてもらい、その時ヨシちゃんは、しみじみ、「飲みすぎますわよ」と笑わずに言いました。
手法,しゅほう,수법,人間失格,太宰治,https://www.aozora.gr.jp/cards/000035/files/301_ruby_5915.zip,また、学校の図画の時間にも、自分はあの「お化け式手法」は秘めて、いままでどおりの美しいものを美しく画く式の凡庸なタッチで画いていました。
手腕,しゅわん,수완,坊っちゃん,夏目漱石,https://www.aozora.gr.jp/cards/000148/files/752_ruby_2438.zip,あなたの手腕でゴルキなんですから、私なんぞがゴルキなのは仕方がありません。
手際,てぎわ,솜씨 처리 능력,こころ,夏目漱石,https://www.aozora.gr.jp/cards/000148/files/773_ruby_5968.zip,旅に出ない前から、私にはそうした腹ができていたのですけれども、打ち明ける機会をつらまえる事も、その機会を作り出す事も、私の手際では旨くゆかなかったのです。
手際,てぎわ,솜씨 처리 능력,坊っちゃん,夏目漱石,https://www.aozora.gr.jp/cards/000148/files/752_ruby_2438.zip,喧嘩なら相撲取とでもやってみせるが、こんな大僧を四十人も前へ並べて、ただ一枚の舌をたたいて恐縮させる手際はない。
打ち明ける,うちあける,털어놓다 고백하다,こころ,夏目漱石,https://www.aozora.gr.jp/cards/000148/files/773_ruby_5968.zip,私はあからさまに自分の考えを打ち明けるには、あまりに距離の懸隔の甚しい父と母の前に黙然としていた。
打撃,だげき,타격,こころ,夏目漱石,https://www.aozora.gr.jp/cards/000148/files/773_ruby_5968.zip,奥さんのいうところを綜合して考えてみると、Ｋはこの最後の打撃を、最も落ち付いた驚きをもって迎えたらしいのです。
打撃,だげき,타격,坊っちゃん,夏目漱石,https://www.aozora.gr.jp/cards/000148/files/752_ruby_2438.zip,だんまりで辞令を下げておいて、蕎麦を食うな、団子を食うなと罪なお布令を出すのは、おれのような外に道楽のないものにとっては大変な打撃だ。
承諾,しょうだく,승낙,走れメロス,太宰治,https://www.aozora.gr.jp/cards/000035/files/1567_ruby_4948.zip,なかなか承諾してくれない。
承諾,しょうだく,승낙,こころ,夏目漱石,https://www.aozora.gr.jp/cards/000148/files/773_ruby_5968.zip,私はある書物について先生に話してもらう必要があったので、あらかじめ先生の承諾を得た通り、約束の九時に訪問した。
抗議,こうぎ,항의,坊っちゃん,夏目漱石,https://www.aozora.gr.jp/cards/000148/files/752_ruby_2438.zip,大賛成だが一ヶ所気に入らないと抗議を申し込んだら、どこが不賛成だと聞いた。
抗議,こうぎ,항의,人間失格,太宰治,https://www.aozora.gr.jp/cards/000035/files/301_ruby_5915.zip,おれは道楽はしても、女を死なせたり、女から金を巻き上げたりなんかはしねえよ」死なせたのではない、巻き上げたのではない、と心の何処かで幽かな、けれども必死の抗議の声が起っても、しかし、また、いや自分が悪いのだとすぐに思いかえしてしまうこの習癖。
抜かす,ぬかす,빠뜨리다,坊っちゃん,夏目漱石,https://www.aozora.gr.jp/cards/000148/files/752_ruby_2438.zip,小使に負ぶさって帰って来た時、おやじが大きな眼をして二階ぐらいから飛び降りて腰を抜かす奴があるかと云ったから、この次は抜かさずに飛んで見せますと答えた。
抱える,かかえる,끌어안다,こころ,夏目漱石,https://www.aozora.gr.jp/cards/000148/files/773_ruby_5968.zip,四十九「私は突然Ｋの頭を抱えるように両手で少し持ち上げました。
抱負,ほうふ,포부,こころ,夏目漱石,https://www.aozora.gr.jp/cards/000148/files/773_ruby_5968.zip,学問をやり始めた時には、誰しも偉大な抱負をもって、新しい旅に上るのが常ですが、一年と立ち二年と過ぎ、もう卒業も間近になると、急に自分の足の運びの鈍いのに気が付いて、過半はそこで失望するのが当り前になっていますから、Ｋの場合も同じなのですが、彼の焦慮り方はまた普通に比べると遥かに甚しかったのです。
抵抗,ていこう,저항,こころ,夏目漱石,https://www.aozora.gr.jp/cards/000148/files/773_ruby_5968.zip,次第に刺戟を増すに従って、次第に営養機能の抵抗力が強くなるという意味でなくてはなりますまい。
抵抗,ていこう,저항,人間失格,太宰治,https://www.aozora.gr.jp/cards/000035/files/301_ruby_5915.zip,無抵抗は罪なりや？
抽象,ちゅうしょう,추상,こころ,夏目漱石,https://www.aozora.gr.jp/cards/000148/files/773_ruby_5968.zip,偶には愛とか恋とかいう問題も、口に上らないではありませんでしたが、いつでも抽象的な理論に落ちてしまうだけでした。
拒絶,きょぜつ,거절,こころ,夏目漱石,https://www.aozora.gr.jp/cards/000148/files/773_ruby_5968.zip,結婚の申し込みを拒絶されたのが、女として辛かったからです。
指図,さしず,지시,銀河鉄道の夜,宮沢賢治,https://www.aozora.gr.jp/cards/000081/files/48222_ruby_59603.zip,だんだん近付いて見ると、一人のせいの高い、ひどい近眼鏡をかけ、長靴をはいた学者らしい人が、手帳に何かせわしさうに書きつけながら、鶴嘴をふりあげたり、スコープをつかったりしてゐる、三人の助手らしい人たちに夢中でいろいろ指図をしてゐました。
指揮,しき,지휘,銀河鉄道の夜,宮沢賢治,https://www.aozora.gr.jp/cards/000081/files/48222_ruby_59603.zip,ジョバンニが見てゐる間その人はしきりに赤い旗をふってゐましたが俄かに赤旗をおろしてうしろにかくすやうにし青い旗を高く高くあげてまるでオーケストラの指揮者のやうに烈しく振りました。
指揮,しき,지휘,坊っちゃん,夏目漱石,https://www.aozora.gr.jp/cards/000148/files/752_ruby_2438.zip,喧嘩の出ているのは驚ろかないのだが、中学の教師堀田某と、近頃東京から赴任した生意気なる某とが、順良なる生徒を使嗾してこの騒動を喚起せるのみならず、両人は現場にあって生徒を指揮したる上、みだりに師範生に向って暴行をほしいままにしたりと書いて、次にこんな意見が附記してある。
指摘,してき,지적,人間失格,太宰治,https://www.aozora.gr.jp/cards/000035/files/301_ruby_5915.zip,こそ自分と「同類」の淫売婦たちと遊んでいるうちに、いつのまにやら無意識の、或るいまわしい雰囲気を身辺にいつもただよわせるようになった様子で、これは自分にも全く思い設けなかった所謂「おまけの附録」でしたが、次第にその「附録」が、鮮明に表面に浮き上って来て、堀木にそれを指摘せられ、愕然として、そうして、いやな気が致しました。
授ける,さずける,수여하다,坊っちゃん,夏目漱石,https://www.aozora.gr.jp/cards/000148/files/752_ruby_2438.zip,教育の精神は単に学問を授けるばかりではない、高尚な、正直な、武士的な元気を鼓吹すると同時に、野卑な、軽躁な、暴慢な悪風を掃蕩するにあると思います。
接触,せっしょく,접촉,こころ,夏目漱石,https://www.aozora.gr.jp/cards/000148/files/773_ruby_5968.zip,私はそれほど近く奥さんに接触する機会がなかったから。
推測,すいそく,추측,こころ,夏目漱石,https://www.aozora.gr.jp/cards/000148/files/773_ruby_5968.zip,もっともどちらも推測に過ぎなかった。
提供,ていきょう,제공,人間失格,太宰治,https://www.aozora.gr.jp/cards/000035/files/301_ruby_5915.zip,たかが、高等学校の一生徒に過ぎない自分のために、邸宅と召使いを提供して置くのも、むだな事だとでも考えたのか、（父の心もまた、世間の人たちの気持ちと同様に、自分にはよくわかりません）とにかく、その家は、間も無く人手にわたり、自分は、本郷森川町の仙遊館という古い下宿の、薄暗い部屋に引越して、そうして、たちまち金に困りました。
放棄,ほうき,포기,人間失格,太宰治,https://www.aozora.gr.jp/cards/000035/files/301_ruby_5915.zip,としているのが、おそろしく、いまにも誰かに襲われ、一撃せられるような気がして来て、街に飛び出しては、れいの運動の手伝いをしたり、或いは堀木と一緒に安い酒を飲み廻ったりして、ほとんど学業も、また画の勉強も放棄し、高等学校へ入学して、二年目の十一月、自分より年上の有夫の婦人と情死事件などを起し、自分の身の上は、一変しました。
故意に,こいに,고의로,こころ,夏目漱石,https://www.aozora.gr.jp/cards/000148/files/773_ruby_5968.zip,そうして話の角度を故意に少し外らしました。
敗北,はいぼく,패배,人間失格,太宰治,https://www.aozora.gr.jp/cards/000035/files/301_ruby_5915.zip,心では、相変らず、人間の自信と暴力とを怪しみ、恐れ、悩みながら、うわべだけは、少しずつ、他人と真顔の挨拶、いや、ちがう、自分はやはり敗北のお道化の苦しい笑いを伴わずには、挨拶できないたちなのですが、とにかく、無我夢中のへどもどの挨拶でも、どうやら出来るくらいの「伎倆」を、れいの運動で走り廻ったおかげ？
教訓,きょうくん,교훈,こころ,夏目漱石,https://www.aozora.gr.jp/cards/000148/files/773_ruby_5968.zip,真面目に人生から教訓を受けたいのです」「私の過去を訐いてもですか」訐くという言葉が、突然恐ろしい響きをもって、私の耳を打った。
整然と,せいぜんと,정연하게,こころ,夏目漱石,https://www.aozora.gr.jp/cards/000148/files/773_ruby_5968.zip,書斎なども実に整然と片付いていた。
断然,だんぜん,단연,坊っちゃん,夏目漱石,https://www.aozora.gr.jp/cards/000148/files/752_ruby_2438.zip,赤シャツから話があった時、断然断わるか、一応考えてみますと逃げればいいのに、あの弁舌に胡魔化されて、即席に許諾したものだから、あとからお母さんが泣きついても、自分が談判に行っても役に立たなかったと非常に残念がった。
断然,だんぜん,단연,人間失格,太宰治,https://www.aozora.gr.jp/cards/000035/files/301_ruby_5915.zip,ホルモン注射もあるしねえ」「いや、断然トラだ。
断言,だんげん,단언,こころ,夏目漱石,https://www.aozora.gr.jp/cards/000148/files/773_ruby_5968.zip,奥さんは最初世の中を見る先生の眼が厭世的だから、その結果として自分も嫌われているのだと断言した。
断言,だんげん,단언,坊っちゃん,夏目漱石,https://www.aozora.gr.jp/cards/000148/files/752_ruby_2438.zip,それならそうとはっきり断言するがいい、男らしくもない。
新婚,しんこん,신혼,こころ,夏目漱石,https://www.aozora.gr.jp/cards/000148/files/773_ruby_5968.zip,「新婚の夫婦のようだね」と先生がいった。
新築,しんちく,신축,坊っちゃん,夏目漱石,https://www.aozora.gr.jp/cards/000148/files/752_ruby_2438.zip,新築の二階から首を出していたら、同級生の一人が冗談に、いくら威張っても、そこから飛び降りる事は出来まい。
旅客,りょかく,여객,人間失格,太宰治,https://www.aozora.gr.jp/cards/000035/files/301_ruby_5915.zip,ブリッジの上ったり降りたりは、自分にはむしろ、ずいぶん垢抜けのした遊戯で、それは鉄道のサーヴィスの中でも、最も気のきいたサーヴィスの一つだと思っていたのですが、のちにそれはただ旅客が線路をまたぎ越えるための頗る実利的な階段に過ぎないのを発見して、にわかに興が覚めました。
旦那,だんな,남편,こころ,夏目漱石,https://www.aozora.gr.jp/cards/000148/files/773_ruby_5968.zip,大抵世間じゃ旦那が先で、細君が後へ残るのが当り前のようになってるね」「そう極った訳でもないわ。
旦那,だんな,남편,坊っちゃん,夏目漱石,https://www.aozora.gr.jp/cards/000148/files/752_ruby_2438.zip,マドンナだろうが、小旦那だろうが、おれの関係した事でないから、勝手に立たせるがよかろうが、人に分らない事を言って分らないから聞いたって構やしませんてえような風をする。
昂奮,こうふん,흥분,こころ,夏目漱石,https://www.aozora.gr.jp/cards/000148/files/773_ruby_5968.zip,それで下らない神経を昂奮させてしまったんです」と先生がまたいった。
明白な,めいはくな,명백한,こころ,夏目漱石,https://www.aozora.gr.jp/cards/000148/files/773_ruby_5968.zip,経験のない当時の私は、この予言の中に含まれている明白な意義さえ了解し得なかった。
明白な,めいはくな,명백한,坊っちゃん,夏目漱石,https://www.aozora.gr.jp/cards/000148/files/752_ruby_2438.zip,こんな明白なのは即座に校長が処分してしまえばいいに。
明瞭な,めいりょうな,명료한,こころ,夏目漱石,https://www.aozora.gr.jp/cards/000148/files/773_ruby_5968.zip,先生から明瞭な手紙の来ない以上、私はそう信ずる事もできず、またそう口に出す勇気もなかった。
星座,せいざ,별자리,銀河鉄道の夜,宮沢賢治,https://www.aozora.gr.jp/cards/000081/files/48222_ruby_59603.zip,」先生は、黒板に吊した大きな黒い星座の図の、上から下へ白くけぶった銀河帯のやうなところを指しながら、みんなに問をかけました。
暗殺,あんさつ,암살,人間失格,太宰治,https://www.aozora.gr.jp/cards/000035/files/301_ruby_5915.zip,さらば血に塗られたる戦場に暗殺者の切尖に何の正義か宿れるや？
暗示,あんじ,암시,こころ,夏目漱石,https://www.aozora.gr.jp/cards/000148/files/773_ruby_5968.zip,私は暗示を受けた人のように、床の上に肱を突いて起き上がりながら、屹とＫの室を覗きました。
暗示,あんじ,암시,人間失格,太宰治,https://www.aozora.gr.jp/cards/000035/files/301_ruby_5915.zip,「いけませんよ、中毒になったら、そりゃもう、たいへんです」薬屋の奥さんにそう言われると、自分はもう可成りの中毒患者になってしまったような気がして来て、（自分は、ひとの暗示に実にもろくひっかかるたちなのです。
暴力,ぼうりょく,폭력,こころ,夏目漱石,https://www.aozora.gr.jp/cards/000148/files/773_ruby_5968.zip,不自然な暴力で」「不自然な暴力って何ですか」「何だかそれは私にも解らないが、自殺する人はみんな不自然な暴力を使うんでしょう」「すると殺されるのも、やはり不自然な暴力のお蔭ですね」「殺される方はちっとも考えていなかった。
暴力,ぼうりょく,폭력,人間失格,太宰治,https://www.aozora.gr.jp/cards/000035/files/301_ruby_5915.zip,心では、相変らず、人間の自信と暴力とを怪しみ、恐れ、悩みながら、うわべだけは、少しずつ、他人と真顔の挨拶、いや、ちがう、自分はやはり敗北のお道化の苦しい笑いを伴わずには、挨拶できないたちなのですが、とにかく、無我夢中のへどもどの挨拶でも、どうやら出来るくらいの「伎倆」を、れいの運動で走り廻ったおかげ？
有益な,ゆうえきな,유익한,こころ,夏目漱石,https://www.aozora.gr.jp/cards/000148/files/773_ruby_5968.zip,私には学校の講義よりも先生の談話の方が有益なのであった。
望む,のぞむ,바라다,こころ,夏目漱石,https://www.aozora.gr.jp/cards/000148/files/773_ruby_5968.zip,Ｋは自分の望むような口をほどなく探し出しました。
望む,のぞむ,바라다,銀河鉄道の夜,宮沢賢治,https://www.aozora.gr.jp/cards/000081/files/48222_ruby_59603.zip,たいてい自分の望む種子さへ播けばひとりでにどんどんできます。
未練,みれん,미련,羅生門,芥川龍之介,https://www.aozora.gr.jp/cards/000879/files/127_ruby_150.zip,この時、誰かがこの下人に、さっき門の下でこの男が考えていた、饑死をするか盗人になるかと云う問題を、改めて持出したら、恐らく下人は、何の未練もなく、饑死を選んだ事であろう。
未練,みれん,미련,走れメロス,太宰治,https://www.aozora.gr.jp/cards/000035/files/1567_ruby_4948.zip,メロスほどの男にも、やはり未練の情というものは在る。
本名,ほんみょう,본명,こころ,夏目漱石,https://www.aozora.gr.jp/cards/000148/files/773_ruby_5968.zip,だからここでもただ先生と書くだけで本名は打ち明けない。
本国,ほんごく,본국,銀河鉄道の夜,宮沢賢治,https://www.aozora.gr.jp/cards/000081/files/48222_ruby_59603.zip,「いえ、氷山にぶっつかって船が沈みましてね、わたしたちはこちらのお父さんが急な用で二ヶ月前一足さきに本国へお帰りになったのであとから発ったのです。
本場,ほんば,본고장 본장,坊っちゃん,夏目漱石,https://www.aozora.gr.jp/cards/000148/files/752_ruby_2438.zip,身長は小さくっても喧嘩の本場で修行を積んだ兄さんだと無茶苦茶に張り飛ばしたり、張り飛ばされたりしていると、やがて巡査だ巡査だ逃げろ逃げろと云う声がした。
本性,ほんしょう,본성,人間失格,太宰治,https://www.aozora.gr.jp/cards/000035/files/301_ruby_5915.zip,それは誰でも、人から非難せられたり、怒られたりしていい気持がするものでは無いかも知れませんが、自分は怒っている人間の顔に、獅子よりも鰐よりも竜よりも、もっとおそろしい動物の本性を見るのです。
本文,ほんぶん,본문,銀河鉄道の夜,宮沢賢治,https://www.aozora.gr.jp/cards/000081/files/48222_ruby_59603.zip,底本：「【新】校本宮澤賢治全集第十一巻童話※本文篇」筑摩書房1996（平成8）年1月25日初版第1刷発行※底本のテキストは、著者草稿によります。
本文,ほんぶん,본문,坊っちゃん,夏目漱石,https://www.aozora.gr.jp/cards/000148/files/752_ruby_2438.zip,（明治三十九年四月）底本：「ちくま日本文学全集夏目漱石」筑摩書房1992（平成4）年1月20日第1刷発行底本の親本：「夏目漱石全集2」ちくま文庫、筑摩書房1987（昭和62）年10月27日第1刷発行※底本の注にれば、本作品の原稿には、「そのうち学校もいやになった。
本気,ほんき,진심,銀河鉄道の夜,宮沢賢治,https://www.aozora.gr.jp/cards/000081/files/48222_ruby_59603.zip,第一かけるにしても足のふみやうがもっと経済もとれ本気にもなれさうでした。
本気,ほんき,진심,人間失格,太宰治,https://www.aozora.gr.jp/cards/000035/files/301_ruby_5915.zip,「金の切れめが縁の切れめ、なんておっしゃって、冗談かと思うていたら、本気か。
本能,ほんのう,본능,こころ,夏目漱石,https://www.aozora.gr.jp/cards/000148/files/773_ruby_5968.zip,男としての私は、異性に対する本能から、憧憬の目的物として常に女を夢みていた。
本能,ほんのう,본능,人間失格,太宰治,https://www.aozora.gr.jp/cards/000035/files/301_ruby_5915.zip,そうして、その、誰にも訴えない、自分の孤独の匂いが、多くの女性に、本能に依って嗅ぎ当てられ、後年さまざま、自分がつけ込まれる誘因の一つになったような気もするのです。
本質,ほんしつ,본질,人間失格,太宰治,https://www.aozora.gr.jp/cards/000035/files/301_ruby_5915.zip,そうして、彼はそのお道化を意識せずに行い、しかも、そのお道化の悲惨に全く気がついていないのが、自分と本質的に異色のところでした。
果たす,はたす,완수하다,こころ,夏目漱石,https://www.aozora.gr.jp/cards/000148/files/773_ruby_5968.zip,私の努力も単にあなたに対する約束を果たすためばかりではありません。
枝,えだ,가지,走れメロス,太宰治,https://www.aozora.gr.jp/cards/000035/files/1567_ruby_4948.zip,斜陽は赤い光を、樹々の葉に投じ、葉も枝も燃えるばかりに輝いている。
枝,えだ,가지,こころ,夏目漱石,https://www.aozora.gr.jp/cards/000148/files/773_ruby_5968.zip,二十六私の自由になったのは、八重桜の散った枝にいつしか青い葉が霞むように伸び始める初夏の季節であった。
根拠,こんきょ,근거,こころ,夏目漱石,https://www.aozora.gr.jp/cards/000148/files/773_ruby_5968.zip,広い都を根拠地として考えている私は、父や母から見ると、まるで足を空に向けて歩く奇体な人間に異ならなかった。
検事,けんじ,검사,人間失格,太宰治,https://www.aozora.gr.jp/cards/000035/files/301_ruby_5915.zip,訊問がすんで、署長は、検事局に送る書類をしたためながら、「からだを丈夫にしなけれゃ、いかんね。
業務,ぎょうむ,업무,こころ,夏目漱石,https://www.aozora.gr.jp/cards/000148/files/773_ruby_5968.zip,業務の都合からいえば、今までの居宅に寝起きする方が、二里も隔った私の家に移るより遥かに便利だといって笑いました。
極める,きわめる,극에 달하다,坊っちゃん,夏目漱石,https://www.aozora.gr.jp/cards/000148/files/752_ruby_2438.zip,でこう云う事は、何か陥欠があると起るもので、事件その物を見ると何だか生徒だけがわるいようであるが、その真相を極めると責任はかえって学校にあるかも知れない。
様式,ようしき,양식,こころ,夏目漱石,https://www.aozora.gr.jp/cards/000148/files/773_ruby_5968.zip,先生はこれらの墓標が現わす人種々の様式に対して、私ほどに滑稽もアイロニーも認めてないらしかった。
模型,もけい,모형,銀河鉄道の夜,宮沢賢治,https://www.aozora.gr.jp/cards/000081/files/48222_ruby_59603.zip,この模型をごらんなさい。
模範,もはん,모범,坊っちゃん,夏目漱石,https://www.aozora.gr.jp/cards/000148/files/752_ruby_2438.zip,おれみたような無鉄砲なものをつらまえて、生徒の模範になれの、一校の師表と仰がれなくてはいかんの、学問以外に個人の徳化を及ぼさなくては教育者になれないの、と無暗に法外な注文をする。
樹木,じゅもく,수목,走れメロス,太宰治,https://www.aozora.gr.jp/cards/000035/files/1567_ruby_4948.zip,押し流されつつも、見事、対岸の樹木の幹に、すがりつく事が出来たのである。
機能,きのう,기능,こころ,夏目漱石,https://www.aozora.gr.jp/cards/000148/files/773_ruby_5968.zip,次第に刺戟を増すに従って、次第に営養機能の抵抗力が強くなるという意味でなくてはなりますまい。
欺く,あざむく,속이다,走れメロス,太宰治,https://www.aozora.gr.jp/cards/000035/files/1567_ruby_4948.zip,君を欺くつもりは、みじんも無かった。
欺く,あざむく,속이다,こころ,夏目漱石,https://www.aozora.gr.jp/cards/000148/files/773_ruby_5968.zip,私は叔父が私を欺いたと覚ると共に、他のものも必ず自分を欺くに違いないと思い詰めました。
正体,しょうたい,정체,こころ,夏目漱石,https://www.aozora.gr.jp/cards/000148/files/773_ruby_5968.zip,私の頭の上に正体の知れない恐ろしいものを蔽い被せた。
正体,しょうたい,정체,坊っちゃん,夏目漱石,https://www.aozora.gr.jp/cards/000148/files/752_ruby_2438.zip,正体の知れない時は多少気味が悪るかったが、バッタと相場が極まってみたら急に腹が立った。
正義,せいぎ,정의,走れメロス,太宰治,https://www.aozora.gr.jp/cards/000035/files/1567_ruby_4948.zip,メロスはひょいと、からだを折り曲げ、飛鳥の如く身近かの一人に襲いかかり、その棍棒を奪い取って、「気の毒だが正義のためだ！
正義,せいぎ,정의,坊っちゃん,夏目漱石,https://www.aozora.gr.jp/cards/000148/files/752_ruby_2438.zip,いくら言葉巧みに弁解が立っても正義は許さんぞ」と山嵐が云ったら両人共だまっていた。
武装,ぶそう,무장,人間失格,太宰治,https://www.aozora.gr.jp/cards/000035/files/301_ruby_5915.zip,武装蜂起、と聞き、小さいナイフを買い（いま思えば、それは鉛筆をけずるにも足りない、きゃしゃなナイフでした）それを、レンコオトのポケットにいれ、あちこち飛び廻って、所謂「聯絡」をつけるのでした。
死刑,しけい,사형,走れメロス,太宰治,https://www.aozora.gr.jp/cards/000035/files/1567_ruby_4948.zip,」「ちょうど今、あの方が死刑になるところです。
残酷な,ざんこくな,잔혹한,こころ,夏目漱石,https://www.aozora.gr.jp/cards/000148/files/773_ruby_5968.zip,そうして自分が欺かれた返報に、残酷な復讐をするようになるものだから」「そりゃどういう意味ですか」「かつてはその人の膝の前に跪いたという記憶が、今度はその人の頭の上に足を載せさせようとするのです。
残酷な,ざんこくな,잔혹한,人間失格,太宰治,https://www.aozora.gr.jp/cards/000035/files/301_ruby_5915.zip,幼少の者に対して、そのような事を行うのは、人間の行い得る犯罪の中で最も醜悪で下等で、残酷な犯罪だと、自分はいまでは思っています。
比例,ひれい,비례,こころ,夏目漱石,https://www.aozora.gr.jp/cards/000148/files/773_ruby_5968.zip,それと反比例に、私の方は段々過敏になって来ていたのです。
比例,ひれい,비례,坊っちゃん,夏目漱石,https://www.aozora.gr.jp/cards/000148/files/752_ruby_2438.zip,すると足音に比例した大きな鬨の声が起った。
民族,みんぞく,민족,人間失格,太宰治,https://www.aozora.gr.jp/cards/000035/files/301_ruby_5915.zip,するのか分るもんか自転公転反転も勝手ですわい至る処に至高の力を感じあらゆる国にあらゆる民族に同一の人間性を発見する我は異端者なりとかやみんな聖経をよみ違えてんのよでなきゃ常識も智慧もないのよ生身の喜びを禁じたり酒を止めたりいいわムスタッファわたしそんなの大嫌いけれども、その頃、自分に酒を止めよ、とすすめる処女がいました。
気流,きりゅう,기류,人間失格,太宰治,https://www.aozora.gr.jp/cards/000035/files/301_ruby_5915.zip,びしい」とは言いませんでしたが、無言のひどい侘びしさを、からだの外郭に、一寸くらいの幅の気流みたいに持っていて、そのひとに寄り添うと、こちらのからだもその気流に包まれ、自分の持っている多少トゲトゲした陰鬱の気流と程よく溶け合い、「水底の岩に落ち附く枯葉」のように、わが身は、恐怖からも不安からも、離れる事が出来るのでした。
気質,きしつ,기질,人間失格,太宰治,https://www.aozora.gr.jp/cards/000035/files/301_ruby_5915.zip,キスト中に現れる記号について】《》：ルビ（例）従姉妹：ルビの付く文字列の始まりを特定する記号（例）昔気質：入力者注主に外字の説明や、傍点の位置の指定（例）はしがき-------------------------------------------------------はしがき私は、その男の写真を三葉、見たことがある。
気風,きふう,기풍,坊っちゃん,夏目漱石,https://www.aozora.gr.jp/cards/000148/files/752_ruby_2438.zip,が、聞くところによれば風俗のすこぶる淳朴な所で、職員生徒ことごとく上代樸直の気風を帯びているそうである。
水源,すいげん,수원,走れメロス,太宰治,https://www.aozora.gr.jp/cards/000035/files/1567_ruby_4948.zip,きのうの豪雨で山の水源地は氾濫し、濁流滔々と下流に集り、猛勢一挙に橋を破壊し、どうどうと響きをあげる激流が、木葉微塵に橋桁を跳ね飛ばしていた。
氾濫,はんらん,범람,走れメロス,太宰治,https://www.aozora.gr.jp/cards/000035/files/1567_ruby_4948.zip,きのうの豪雨で山の水源地は氾濫し、濁流滔々と下流に集り、猛勢一挙に橋を破壊し、どうどうと響きをあげる激流が、木葉微塵に橋桁を跳ね飛ばしていた。
求める,もとめる,구하다,こころ,夏目漱石,https://www.aozora.gr.jp/cards/000148/files/773_ruby_5968.zip,私には位置を求めるための貴重な時間というものがなかった。
求める,もとめる,구하다,坊っちゃん,夏目漱石,https://www.aozora.gr.jp/cards/000148/files/752_ruby_2438.zip,「元来中学の教師なぞは社会の上流にくらいするものだからして、単に物質的の快楽ばかり求めるべきものでない。
決意,けつい,결심,走れメロス,太宰治,https://www.aozora.gr.jp/cards/000035/files/1567_ruby_4948.zip,必ず、かの邪智暴虐の王を除かなければならぬと決意した。
決意,けつい,결심,人間失格,太宰治,https://www.aozora.gr.jp/cards/000035/files/301_ruby_5915.zip,その時、自分は、みずからすすんでも死のうと、実感として決意したのです。
決断,けつだん,결단,こころ,夏目漱石,https://www.aozora.gr.jp/cards/000148/files/773_ruby_5968.zip,私は私にも最後の決断が必要だという声を心の耳で聞きました。
決断,けつだん,결단,坊っちゃん,夏目漱石,https://www.aozora.gr.jp/cards/000148/files/752_ruby_2438.zip,随分決断のない事だ。
汽船,きせん,기선,こころ,夏目漱石,https://www.aozora.gr.jp/cards/000148/files/773_ruby_5968.zip,先生はその日横浜を出帆する汽船に乗って外国へ行くべき友人を新橋へ送りに行って留守であった。
汽船,きせん,기선,坊っちゃん,夏目漱石,https://www.aozora.gr.jp/cards/000148/files/752_ruby_2438.zip,二ぶうと云って汽船がとまると、艀が岸を離れて、漕ぎ寄せて来た。
沈黙,ちんもく,침묵,こころ,夏目漱石,https://www.aozora.gr.jp/cards/000148/files/773_ruby_5968.zip,十二人が帰るとき歩きながらの沈黙が一丁も二丁もつづいた。
沈黙,ちんもく,침묵,人間失格,太宰治,https://www.aozora.gr.jp/cards/000035/files/301_ruby_5915.zip,さらにまた、堀木と附合って救われるのは、堀木が聞き手の思惑などをてんで無視して、その所謂情熱の噴出するがままに、（或いは、情熱とは、相手の立場を無視する事かも知れませんが）四六時中、くだらないおしゃべりを続け、あの、二人で歩いて疲れ、気まずい沈黙におちいる危懼が、全く無いという事でした。
沖,おき,먼바다,こころ,夏目漱石,https://www.aozora.gr.jp/cards/000148/files/773_ruby_5968.zip,彼らの頭が小さく見えるまで沖の方へ向いて行った。
沖,おき,먼바다,坊っちゃん,夏目漱石,https://www.aozora.gr.jp/cards/000148/files/752_ruby_2438.zip,釣竿なしで釣が出来るものか、どうする了見だろうと、野だに聞くと、沖釣には竿は用いません、糸だけでげすと顋を撫でて黒人じみた事を云った。
沿岸,えんがん,연안,こころ,夏目漱石,https://www.aozora.gr.jp/cards/000148/files/773_ruby_5968.zip,すべてこの沿岸はその時分から重に学生の集まる所でしたから、どこでも我々にはちょうど手頃の海水浴場だったのです。
浜辺,はまべ,해변,こころ,夏目漱石,https://www.aozora.gr.jp/cards/000148/files/773_ruby_5968.zip,それほど浜辺が混雑し、それほど私の頭が放漫であったにもかかわらず、私がすぐ先生を見付け出したのは、先生が一人の西洋人を伴れていたからである。
消息,しょうそく,소식,こころ,夏目漱石,https://www.aozora.gr.jp/cards/000148/files/773_ruby_5968.zip,家庭の一員として暮した事のない私のことだから、深い消息は無論解らなかったけれども、座敷で私と対坐している時、先生は何かのついでに、下女を呼ばないで、奥さんを呼ぶ事があった。
消息,しょうそく,소식,人間失格,太宰治,https://www.aozora.gr.jp/cards/000035/files/301_ruby_5915.zip,きょうはそいつらのために買い出し」などと、これもまた久し振りで逢った者同志のおきまりの挨拶を交し、それから、二人に共通の知人のその後の消息をたずね合ったりして、そのうちに、ふとマダムは口調を改め、あなたは葉ちゃんを知っていたかしら、と言う。
混乱,こんらん,혼란,人間失格,太宰治,https://www.aozora.gr.jp/cards/000035/files/301_ruby_5915.zip,（その間に自分が、少しでも遠くへ逃げのびていたいという探偵小説的な策略から、そんな置手紙を書いた、というよりは、いや、そんな気持も幽かにあったに違いないのですが、それよりも、やはり自分は、いきなりヒラメにショックを与え、彼を混乱当惑させてしまうのが、おそろしかったばかりに、とでも言ったほうが、いくらか正確かも知れません。
清らかな,きよらかな,맑고 깨끗한,走れメロス,太宰治,https://www.aozora.gr.jp/cards/000035/files/1567_ruby_4948.zip,「口では、どんな清らかな事でも言える。
済ます,すます,끝내다,こころ,夏目漱石,https://www.aozora.gr.jp/cards/000148/files/773_ruby_5968.zip,これはもし卒業したらその日の晩餐はよそで喰わずに、先生の食卓で済ますという前からの約束であった。
源,みなもと,근원,走れメロス,太宰治,https://www.aozora.gr.jp/cards/000035/files/1567_ruby_4948.zip,きのうの豪雨で山の水源地は氾濫し、濁流滔々と下流に集り、猛勢一挙に橋を破壊し、どうどうと響きをあげる激流が、木葉微塵に橋桁を跳ね飛ばしていた。
源,みなもと,근원,こころ,夏目漱石,https://www.aozora.gr.jp/cards/000148/files/773_ruby_5968.zip,それが源因かどうかは疑問だが、私の興味は往来で出合う知りもしない女に向かって多く働くだけであった。
漁村,ぎょそん,어촌,こころ,夏目漱石,https://www.aozora.gr.jp/cards/000148/files/773_ruby_5968.zip,今ではどんなに変っているか知りませんが、その頃はひどい漁村でした。
漁村,ぎょそん,어촌,坊っちゃん,夏目漱石,https://www.aozora.gr.jp/cards/000148/files/752_ruby_2438.zip,見るところでは大森ぐらいな漁村だ。
漠然と,ばくぜんと,막연히,こころ,夏目漱石,https://www.aozora.gr.jp/cards/000148/files/773_ruby_5968.zip,けれどもそれは懐かしい春の雲を眺めるような心持で、ただ漠然と夢みていたに過ぎなかった。
漢語,かんご,한어,坊っちゃん,夏目漱石,https://www.aozora.gr.jp/cards/000148/files/752_ruby_2438.zip,野だの云う事は言語はあるが意味がない、漢語をのべつに陳列するぎりで訳が分らない。
点検,てんけん,점검,こころ,夏目漱石,https://www.aozora.gr.jp/cards/000148/files/773_ruby_5968.zip,私は自分に関係の深い部門の書籍棚の前に立って、隅から隅まで一冊ずつ点検して行った。
無性に,むしょうに,몹시,こころ,夏目漱石,https://www.aozora.gr.jp/cards/000148/files/773_ruby_5968.zip,母は不承無性に太織りの蒲団を畳みながら「お父さんはお前が帰って来たので、急に気が強くおなりなんだよ」といった。
無意味,むいみ,무의미,こころ,夏目漱石,https://www.aozora.gr.jp/cards/000148/files/773_ruby_5968.zip,私もお墓参りをしますから」実際私には墓参と散歩との区別がほとんど無意味のように思われたのである。
無知な,むちな,무지한,こころ,夏目漱石,https://www.aozora.gr.jp/cards/000148/files/773_ruby_5968.zip,あなたは学校教育を受けた人だから、こういう消息をよく解しているでしょうが、世間は学生の生活だの、学校の規則だのに関して、驚くべく無知なものです。
無茶苦茶,むちゃくちゃ,엉망진창,坊っちゃん,夏目漱石,https://www.aozora.gr.jp/cards/000148/files/752_ruby_2438.zip,身長は小さくっても喧嘩の本場で修行を積んだ兄さんだと無茶苦茶に張り飛ばしたり、張り飛ばされたりしていると、やがて巡査だ巡査だ逃げろ逃げろと云う声がした。
無言,むごん,무언,羅生門,芥川龍之介,https://www.aozora.gr.jp/cards/000879/files/127_ruby_150.zip,二人は死骸の中で、しばらく、無言のまま、つかみ合った。
無言,むごん,무언,走れメロス,太宰治,https://www.aozora.gr.jp/cards/000035/files/1567_ruby_4948.zip,セリヌンティウスは無言で首肯き、メロスをひしと抱きしめた。
無論,むろん,물론,こころ,夏目漱石,https://www.aozora.gr.jp/cards/000148/files/773_ruby_5968.zip,私は無論先生を訪ねるつもりで東京へ帰って来た。
無論,むろん,물론,坊っちゃん,夏目漱石,https://www.aozora.gr.jp/cards/000148/files/752_ruby_2438.zip,勘太郎は無論弱虫である。
無責任,むせきにん,무책임,坊っちゃん,夏目漱石,https://www.aozora.gr.jp/cards/000148/files/752_ruby_2438.zip,こっちで口を切って、あとをつけないのは無責任ですね。
無邪気,むじゃき,천진난만,こころ,夏目漱石,https://www.aozora.gr.jp/cards/000148/files/773_ruby_5968.zip,何も知らない妻は次の室で無邪気にすやすや寝入っています。
無邪気,むじゃき,천진난만,坊っちゃん,夏目漱石,https://www.aozora.gr.jp/cards/000148/files/752_ruby_2438.zip,無邪気ならいっしょに笑ってもいいが、こりゃなんだ。
牧師,ぼくし,목사,人間失格,太宰治,https://www.aozora.gr.jp/cards/000035/files/301_ruby_5915.zip,牧師も和尚も然りじゃね」「大出来。
物足りない,ものたりない,부족하다 아쉽다,こころ,夏目漱石,https://www.aozora.gr.jp/cards/000148/files/773_ruby_5968.zip,それでこの物足りない返事が少し私の自信を傷めた。
特有,とくゆう,특유,人間失格,太宰治,https://www.aozora.gr.jp/cards/000035/files/301_ruby_5915.zip,それそれ、そのはにかむような微笑、それが見込みのある芸術家特有の表情なんだ。
特権,とっけん,특권,坊っちゃん,夏目漱石,https://www.aozora.gr.jp/cards/000148/files/752_ruby_2438.zip,本県の中学は昔時より善良温順の気風をもって全国の羨望するところなりしが、軽薄なる二豎子のために吾校の特権を毀損せられて、この不面目を全市に受けたる以上は、吾人は奮然として起ってその責任を問わざるを得ず。
犠牲,ぎせい,희생,こころ,夏目漱石,https://www.aozora.gr.jp/cards/000148/files/773_ruby_5968.zip,自由と独立と己れとに充ちた現代に生れた我々は、その犠牲としてみんなこの淋しみを味わわなくてはならないでしょう」私はこういう覚悟をもっている先生に対して、いうべき言葉を知らなかった。
猛烈な,もうれつな,맹렬한,こころ,夏目漱石,https://www.aozora.gr.jp/cards/000148/files/773_ruby_5968.zip,しかしその言葉の耳障からいうと、決して猛烈なものではなかった。
猛烈な,もうれつな,맹렬한,人間失格,太宰治,https://www.aozora.gr.jp/cards/000035/files/301_ruby_5915.zip,自分の眼の前で、堀木の猛烈なキスを受ける、そのツネ子の身の上を、ふびんに思ったからでした。
理屈,りくつ,이치,こころ,夏目漱石,https://www.aozora.gr.jp/cards/000148/files/773_ruby_5968.zip,空っぽな理屈を使いこなす事が。
理屈,りくつ,이치,坊っちゃん,夏目漱石,https://www.aozora.gr.jp/cards/000148/files/752_ruby_2438.zip,金や威力や理屈で人間の心が買える者なら、高利貸でも巡査でも大学教授でも一番人に好かれなくてはならない。
理論,りろん,이론,こころ,夏目漱石,https://www.aozora.gr.jp/cards/000148/files/773_ruby_5968.zip,偶には愛とか恋とかいう問題も、口に上らないではありませんでしたが、いつでも抽象的な理論に落ちてしまうだけでした。
理論,りろん,이론,人間失格,太宰治,https://www.aozora.gr.jp/cards/000035/files/301_ruby_5915.zip,」たちが、いやに一大事の如く、こわばった顔をして、一プラス一は二、というような、ほとんど初等の算術めいた理論の研究にふけっているのが滑稽に見えてたまらず、れいの自分のお道化で、会合をくつろがせる事に努め、そのためか、次第に研究会の窮屈な気配もほぐれ、自分はその会合に無くてかなわぬ人気者という形にさえなって来たようでした。
生死,せいし,생사,羅生門,芥川龍之介,https://www.aozora.gr.jp/cards/000879/files/127_ruby_150.zip,これを見ると、下人は始めて明白にこの老婆の生死が、全然、自分の意志に支配されていると云う事を意識した。
生死,せいし,생사,こころ,夏目漱石,https://www.aozora.gr.jp/cards/000148/files/773_ruby_5968.zip,そのお父さんの生死を忘れているような私の態度こそ不都合です。
生活費,せいかつひ,생활비,人間失格,太宰治,https://www.aozora.gr.jp/cards/000035/files/301_ruby_5915.zip,あなたの生活費は、学校へはいると、くにから、もっと充分に送って来る事になっているのです。
生温い,なまぬるい,미지근하다 어중간하다,こころ,夏目漱石,https://www.aozora.gr.jp/cards/000148/files/773_ruby_5968.zip,だからＫが一直線に愛の目的物に向って猛進しないといって、決してその愛の生温い事を証拠立てる訳にはゆきません。
生真面目な,きまじめな,고지식한 지나치게 성실한,人間失格,太宰治,https://www.aozora.gr.jp/cards/000035/files/301_ruby_5915.zip,こと、自分たちはもうお前の過去は問わぬ、生活の心配もかけないつもり、何もしなくていい、その代り、いろいろ未練もあるだろうがすぐに東京から離れて、田舎で療養生活をはじめてくれ、お前が東京でしでかした事の後仕末は、だいたい渋田がやってくれた筈だから、それは気にしないでいい、とれいの生真面目な緊張したような口調で言うのでした。
生臭い,なまぐさい,비린내가 나다 속세적이다,人間失格,太宰治,https://www.aozora.gr.jp/cards/000035/files/301_ruby_5915.zip,他人の家の門は、自分にとって、あの神曲の地獄の門以上に薄気味わるく、その門の奥には、おそろしい竜みたいな生臭い奇獣がうごめいている気配を、誇張でなしに、実感せられていたのです。
産物,さんぶつ,산물,人間失格,太宰治,https://www.aozora.gr.jp/cards/000035/files/301_ruby_5915.zip,その友人は、私の大学時代の謂わば学友で、いまは某女子大の講師をしているのであるが、実は私はこの友人に私の身内の者の縁談を依頼していたので、その用事もあり、かたがた何か新鮮な海産物でも仕入れて私の家の者たちに食わせてやろうと思い、リュックサックを背負って船橋市へ出かけて行ったのである。
用件,ようけん,용건,こころ,夏目漱石,https://www.aozora.gr.jp/cards/000148/files/773_ruby_5968.zip,ことにその内容が特別の用件を含んでいなかった時、驚かされた。
用品,ようひん,용품,人間失格,太宰治,https://www.aozora.gr.jp/cards/000035/files/301_ruby_5915.zip,自分は子供の頃から病弱で、よく寝込みましたが、寝ながら、敷布、枕のカヴァ、掛蒲団のカヴァを、つくづく、つまらない装飾だと思い、それが案外に実用品だった事を、二十歳ちかくになってわかって、人間のつましさに暗然とし、悲しい思いをしました。
用法,ようほう,용법,坊っちゃん,夏目漱石,https://www.aozora.gr.jp/cards/000148/files/752_ruby_2438.zip,おれは六百円の使用法について寝ながら考えた。
田舎,いなか,시골,こころ,夏目漱石,https://www.aozora.gr.jp/cards/000148/files/773_ruby_5968.zip,大抵田舎者ですから」「田舎者はなぜ悪くないんですか」私はこの追窮に苦しんだ。
田舎,いなか,시골,坊っちゃん,夏目漱石,https://www.aozora.gr.jp/cards/000148/files/752_ruby_2438.zip,おれは三年間学問はしたが実を云うと教師になる気も、田舎へ行く考えも何もなかった。
由緒,ゆいしょ,유서,こころ,夏目漱石,https://www.aozora.gr.jp/cards/000148/files/773_ruby_5968.zip,あなたの郷里でも同じ事だろうと思いますが、田舎では由緒のある家を、相続人があるのに壊したり売ったりするのは大事件です。
由緒,ゆいしょ,유서,坊っちゃん,夏目漱石,https://www.aozora.gr.jp/cards/000148/files/752_ruby_2438.zip,この下女はもと由緒のあるものだったそうだが、瓦解のときに零落して、つい奉公までするようになったのだと聞いている。
畜生,ちくしょう,짐승,坊っちゃん,夏目漱石,https://www.aozora.gr.jp/cards/000148/files/752_ruby_2438.zip,こん畜生と起き上がってみたが、馳けられない。
略語,りゃくご,약어,人間失格,太宰治,https://www.aozora.gr.jp/cards/000035/files/301_ruby_5915.zip,「モチよ」モチとは、「勿論」の略語でした。
異性,いせい,이성,こころ,夏目漱石,https://www.aozora.gr.jp/cards/000148/files/773_ruby_5968.zip,異性と抱き合う順序として、まず同性の私の所へ動いて来たのです」「私には二つのものが全く性質を異にしているように思われます」「いや同じです。
異色,いしょく,이색,人間失格,太宰治,https://www.aozora.gr.jp/cards/000035/files/301_ruby_5915.zip,そうして、彼はそのお道化を意識せずに行い、しかも、そのお道化の悲惨に全く気がついていないのが、自分と本質的に異色のところでした。
疑惑,ぎわく,의혹,走れメロス,太宰治,https://www.aozora.gr.jp/cards/000035/files/1567_ruby_4948.zip,いちどだって、暗い疑惑の雲を、お互い胸に宿したことは無かった。
疑惑,ぎわく,의혹,こころ,夏目漱石,https://www.aozora.gr.jp/cards/000148/files/773_ruby_5968.zip,私の疑惑はまだその上にもあった。
発作,ほっさ,발작,こころ,夏目漱石,https://www.aozora.gr.jp/cards/000148/files/773_ruby_5968.zip,それでも時々は気が済まなかったのでしょう、発作的に焦燥ぎ廻って彼らを驚かした事もあります。
発揮,はっき,발휘,走れメロス,太宰治,https://www.aozora.gr.jp/cards/000035/files/1567_ruby_4948.zip,濁流にも負けぬ愛と誠の偉大な力を、いまこそ発揮して見せる。
発揮,はっき,발휘,こころ,夏目漱石,https://www.aozora.gr.jp/cards/000148/files/773_ruby_5968.zip,果断に富んだ彼の性格が、恋の方面に発揮されるのがすなわち彼の覚悟だろうと一図に思い込んでしまったのです。
登校,とうこう,등교,人間失格,太宰治,https://www.aozora.gr.jp/cards/000035/files/301_ruby_5915.zip,自分は、その家にあずけられ、何せ学校のすぐ近くなので、朝礼の鐘の鳴るのを聞いてから、走って登校するというような、かなり怠惰な中学生でしたが、それでも、れいのお道化に依って、日一日とクラスの人気を得ていました。
盛大な,せいだいな,성대한,坊っちゃん,夏目漱石,https://www.aozora.gr.jp/cards/000148/files/752_ruby_2438.zip,先生はご鄭寧に、自席から、座敷の端の末座まで行って、慇懃に一同に挨拶をした上、今般は一身上の都合で九州へ参る事になりましたについて、諸先生方が小生のためにこの盛大なる送別会をお開き下さったのは、まことに感銘の至りに堪えぬ次第で――ことにただ今は校長、教頭その他諸君の送別の辞を頂戴して、大いに難有く服膺する訳であります。
監視,かんし,감시,人間失格,太宰治,https://www.aozora.gr.jp/cards/000035/files/301_ruby_5915.zip,できる事なら、朝、昼、晩、四六時中、竹一の傍から離れず彼が秘密を口走らないように監視していたい気持でした。
直感,ちょっかん,직감,こころ,夏目漱石,https://www.aozora.gr.jp/cards/000148/files/773_ruby_5968.zip,しかしその私だけにはこの直感が後になって事実の上に証拠立てられたのだから、私は若々しいといわれても、馬鹿げていると笑われても、それを見越した自分の直覚をとにかく頼もしくまた嬉しく思っている。
相場,そうば,시세,坊っちゃん,夏目漱石,https://www.aozora.gr.jp/cards/000148/files/752_ruby_2438.zip,正体の知れない時は多少気味が悪るかったが、バッタと相場が極まってみたら急に腹が立った。
相応,そうおう,상응,こころ,夏目漱石,https://www.aozora.gr.jp/cards/000148/files/773_ruby_5968.zip,宅に相応の財産があるものが、何を苦しんで、卒業するかしないのに、地位地位といって藻掻き廻るのか。
相応,そうおう,상응,坊っちゃん,夏目漱石,https://www.aozora.gr.jp/cards/000148/files/752_ruby_2438.zip,この野郎申し合せて、東西相応じておれを馬鹿にする気だな、とは思ったがさてどうしていいか分らない。
省く,はぶく,생략하다,こころ,夏目漱石,https://www.aozora.gr.jp/cards/000148/files/773_ruby_5968.zip,国から旅費を送らせる手数と時間を省くため、私は暇乞いかたがた先生の所へ行って、要るだけの金を一時立て替えてもらう事にした。
真実,しんじつ,진실,こころ,夏目漱石,https://www.aozora.gr.jp/cards/000148/files/773_ruby_5968.zip,私はあなたに真実を話している気でいた。
真理,しんり,진리,こころ,夏目漱石,https://www.aozora.gr.jp/cards/000148/files/773_ruby_5968.zip,私は父が私の本当の父であり、先生はまたいうまでもなく、あかの他人であるという明白な事実を、ことさらに眼の前に並べてみて、始めて大きな真理でも発見したかのごとくに驚いた。
真理,しんり,진리,人間失格,太宰治,https://www.aozora.gr.jp/cards/000035/files/301_ruby_5915.zip,そのわずかなおこごとは、自分には霹靂の如く強く感ぜられ、狂うみたいになり、口応えどころか、そのおこごとこそ、謂わば万世一系の人間の「真理」とかいうものに違いない、自分にはその真理を行う力が無いのだから、もはや人間と一緒に住めないのではないかしら、と思い込んでしまうのでした。
真相,しんそう,진상,こころ,夏目漱石,https://www.aozora.gr.jp/cards/000148/files/773_ruby_5968.zip,事件の真相になると、奥さん自身にも多くは知れていなかった。
真相,しんそう,진상,坊っちゃん,夏目漱石,https://www.aozora.gr.jp/cards/000148/files/752_ruby_2438.zip,でこう云う事は、何か陥欠があると起るもので、事件その物を見ると何だか生徒だけがわるいようであるが、その真相を極めると責任はかえって学校にあるかも知れない。
眼球,がんきゅう,안구,羅生門,芥川龍之介,https://www.aozora.gr.jp/cards/000879/files/127_ruby_150.zip,両手をわなわなふるわせて、肩で息を切りながら、眼を、眼球が※の外へ出そうになるほど、見開いて、唖のように執拗く黙っている。
着席,ちゃくせき,착석,坊っちゃん,夏目漱石,https://www.aozora.gr.jp/cards/000148/files/752_ruby_2438.zip,……何だ失敬な、新しく来た教師だと思って……」と云って着席した。
着手,ちゃくしゅ,착수,坊っちゃん,夏目漱石,https://www.aozora.gr.jp/cards/000148/files/752_ruby_2438.zip,生徒の風儀は、教師の感化で正していかなくてはならん、その一着手として、教師はなるべく飲食店などに出入しない事にしたい。
矛盾,むじゅん,모순,こころ,夏目漱石,https://www.aozora.gr.jp/cards/000148/files/773_ruby_5968.zip,それで私は露骨にその矛盾を挙げて云々してみた。
短歌,たんか,단가,人間失格,太宰治,https://www.aozora.gr.jp/cards/000035/files/301_ruby_5915.zip,下宿の娘から、短歌を五十も書きつらねた長い手紙が来ました。
砂利,じゃり,자갈,銀河鉄道の夜,宮沢賢治,https://www.aozora.gr.jp/cards/000081/files/48222_ruby_59603.zip,「ですからもしもこの天の川がほんたうに川だと考へるなら、その一つ一つの小さな星はみんなその川のそこの砂や砂利の粒にもあたるわけです。
破壊,はかい,파괴,走れメロス,太宰治,https://www.aozora.gr.jp/cards/000035/files/1567_ruby_4948.zip,きのうの豪雨で山の水源地は氾濫し、濁流滔々と下流に集り、猛勢一挙に橋を破壊し、どうどうと響きをあげる激流が、木葉微塵に橋桁を跳ね飛ばしていた。
破壊,はかい,파괴,こころ,夏目漱石,https://www.aozora.gr.jp/cards/000148/files/773_ruby_5968.zip,先生は奥さんの幸福を破壊する前に、まず自分の生命を破壊してしまった。
破裂,はれつ,파열,坊っちゃん,夏目漱石,https://www.aozora.gr.jp/cards/000148/files/752_ruby_2438.zip,ところへ野だがすでに紀伊の国を済まして、かっぽれを済まして、棚の達磨さんを済して丸裸の越中褌一つになって、棕梠箒を小脇に抱い込んで、日清談判破裂して……と座敷中練りあるき出した。
碁盤,ごばん,바둑판,こころ,夏目漱石,https://www.aozora.gr.jp/cards/000148/files/773_ruby_5968.zip,二十三私は退屈な父の相手としてよく将碁盤に向かった。
確信,かくしん,확신,人間失格,太宰治,https://www.aozora.gr.jp/cards/000035/files/301_ruby_5915.zip,エゴイストになりきって、しかもそれを当然の事と確信し、いちども自分を疑った事が無いんじゃないか？
社交,しゃこう,사교,こころ,夏目漱石,https://www.aozora.gr.jp/cards/000148/files/773_ruby_5968.zip,その上先生の態度はむしろ非社交的であった。
種々,しゅじゅ,여러 가지,こころ,夏目漱石,https://www.aozora.gr.jp/cards/000148/files/773_ruby_5968.zip,先生はこれらの墓標が現わす人種々の様式に対して、私ほどに滑稽もアイロニーも認めてないらしかった。
穏やかな,おだやかな,온화한 평온한,こころ,夏目漱石,https://www.aozora.gr.jp/cards/000148/files/773_ruby_5968.zip,一度天気のごく穏やかな日の午後庭へ下りた事があるが、その時は万一を気遣って、私が引き添うように傍に付いていた。
空腹,くうふく,공복,人間失格,太宰治,https://www.aozora.gr.jp/cards/000035/files/301_ruby_5915.zip,また、自分は、空腹という事を知りませんでした。
空間,くうかん,공간,銀河鉄道の夜,宮沢賢治,https://www.aozora.gr.jp/cards/000081/files/48222_ruby_59603.zip,「これは三次空間の方からお持ちになったのですか。
突破,とっぱ,돌파,走れメロス,太宰治,https://www.aozora.gr.jp/cards/000035/files/1567_ruby_4948.zip,ああ、あ、濁流を泳ぎ切り、山賊を三人も撃ち倒し韋駄天、ここまで突破して来たメロスよ。
立場,たちば,입장,こころ,夏目漱石,https://www.aozora.gr.jp/cards/000148/files/773_ruby_5968.zip,しかしおれの方から見てご覧、立場が少し違っているよ。
立場,たちば,입장,人間失格,太宰治,https://www.aozora.gr.jp/cards/000035/files/301_ruby_5915.zip,さらにまた、堀木と附合って救われるのは、堀木が聞き手の思惑などをてんで無視して、その所謂情熱の噴出するがままに、（或いは、情熱とは、相手の立場を無視する事かも知れませんが）四六時中、くだらないおしゃべりを続け、あの、二人で歩いて疲れ、気まずい沈黙におちいる危懼が、全く無いという事でした。
端,はし,끝,こころ,夏目漱石,https://www.aozora.gr.jp/cards/000148/files/773_ruby_5968.zip,暑中休暇を利用して海水浴に行った友達からぜひ来いという端書を受け取ったので、私は多少の金を工面して、出掛ける事にした。
端,はし,끝,銀河鉄道の夜,宮沢賢治,https://www.aozora.gr.jp/cards/000081/files/48222_ruby_59603.zip,」と云った途端、がらんとした桔梗いろの空から、さっき見たやうな鷺が、まるで雪の降るやうに、ぎゃあぎゃあ叫びながら、いっぱいに舞ひおりて来ました。
粋な,いきな,세련된 멋진,坊っちゃん,夏目漱石,https://www.aozora.gr.jp/cards/000148/files/752_ruby_2438.zip,たまに正直な純粋な人を見ると、坊っちゃんだの小僧だのと難癖をつけて軽蔑する。
納得,なっとく,납득,こころ,夏目漱石,https://www.aozora.gr.jp/cards/000148/files/773_ruby_5968.zip,しかし人間らしくない意味をＫに納得させるためにその言葉を使い出した私には、出立点がすでに反抗的でしたから、それを反省するような余裕はありません。
紫,むらさき,보라색,こころ,夏目漱石,https://www.aozora.gr.jp/cards/000148/files/773_ruby_5968.zip,そうしてその波の中に動く少し紫がかった鯛の色を、面白い現象の一つとして飽かず眺めました。
紫,むらさき,보라색,銀河鉄道の夜,宮沢賢治,https://www.aozora.gr.jp/cards/000081/files/48222_ruby_59603.zip,その三つならんだ入口の一番左側には空箱に紫いろのケールやアスパラガスが植えてあって小さな二つの窓には日覆ひが下りたまゝになってゐました。
紳士,しんし,신사,こころ,夏目漱石,https://www.aozora.gr.jp/cards/000148/files/773_ruby_5968.zip,比較的上品な嗜好をもった田舎紳士だったのです。
紳士,しんし,신사,人間失格,太宰治,https://www.aozora.gr.jp/cards/000035/files/301_ruby_5915.zip,しかし、自分も、また、堀木でさえも、なかなか除名の処分に遭わず、殊にも自分は、その非合法の世界に於いては、合法の紳士たちの世界に於けるよりも、かえってのびのびと、所謂「健康」に振舞う事が出来ましたので、見込みのある「同志」として、噴き出したくなるほど過度に秘密めかした、さまざまの用事をたのまれるほどになったのです。
経過,けいか,경과,こころ,夏目漱石,https://www.aozora.gr.jp/cards/000148/files/773_ruby_5968.zip,けれども年の若い私の今まで経過して来た境遇からいって、私はほとんど交際らしい交際を女に結んだ事がなかった。
絶える,たえる,끊기다,こころ,夏目漱石,https://www.aozora.gr.jp/cards/000148/files/773_ruby_5968.zip,先生と関係の絶えるのは私にとって大いな苦痛であった。
絶望,ぜつぼう,절망,人間失格,太宰治,https://www.aozora.gr.jp/cards/000035/files/301_ruby_5915.zip,カルな苦しみ、ただ、めしを食えたらそれで解決できる苦しみ、しかし、それこそ最も強い痛苦で、自分の例の十個の禍いなど、吹っ飛んでしまう程の、凄惨な阿鼻地獄なのかも知れない、それは、わからない、しかし、それにしては、よく自殺もせず、発狂もせず、政党を論じ、絶望せず、屈せず生活のたたかいを続けて行ける、苦しくないんじゃないか？
維持,いじ,유지,こころ,夏目漱石,https://www.aozora.gr.jp/cards/000148/files/773_ruby_5968.zip,父の病気は幸い現状維持のままで、少しも悪い方へ進む模様は見えなかった。
締める,しめる,조이다,こころ,夏目漱石,https://www.aozora.gr.jp/cards/000148/files/773_ruby_5968.zip,人間を愛し得る人、愛せずにはいられない人、それでいて自分の懐に入ろうとするものを、手をひろげて抱き締める事のできない人、――これが先生であった。
縁談,えんだん,혼담,こころ,夏目漱石,https://www.aozora.gr.jp/cards/000148/files/773_ruby_5968.zip,六「私は縁談の事をそれなり忘れてしまいました。
縁談,えんだん,혼담,人間失格,太宰治,https://www.aozora.gr.jp/cards/000035/files/301_ruby_5915.zip,その友人は、私の大学時代の謂わば学友で、いまは某女子大の講師をしているのであるが、実は私はこの友人に私の身内の者の縁談を依頼していたので、その用事もあり、かたがた何か新鮮な海産物でも仕入れて私の家の者たちに食わせてやろうと思い、リュックサックを背負って船橋市へ出かけて行ったのである。
美術,びじゅつ,미술,人間失格,太宰治,https://www.aozora.gr.jp/cards/000035/files/301_ruby_5915.zip,自分は、美術学校にはいりたかったのですが、父は、前から自分を高等学校にいれて、末は官吏にするつもりで、自分にもそれを言い渡してあったので、口応え一つ出来ないたちの自分は、ぼんやりそれに従ったのでした。
群衆,ぐんしゅう,군중,走れメロス,太宰治,https://www.aozora.gr.jp/cards/000035/files/1567_ruby_4948.zip,」と大声で刑場の群衆にむかって叫んだつもりであったが、喉がつぶれて嗄れた声が幽かに出たばかり、群衆は、ひとりとして彼の到着に気がつかない。
群集,ぐんしゅう,군집,こころ,夏目漱石,https://www.aozora.gr.jp/cards/000148/files/773_ruby_5968.zip,十三我々は群集の中にいた。
義理,ぎり,의리,こころ,夏目漱石,https://www.aozora.gr.jp/cards/000148/files/773_ruby_5968.zip,「何もお前のためにするんじゃないとお父さんがおっしゃるんじゃないけれども、お前だって世間への義理ぐらいは知っているだろう」母はこうなると女だけにしどろもどろな事をいった。
義理,ぎり,의리,坊っちゃん,夏目漱石,https://www.aozora.gr.jp/cards/000148/files/752_ruby_2438.zip,鰹の一匹ぐらい義理にだって、かかってくれるだろうと、どぼんと錘と糸を抛り込んでいい加減に指の先であやつっていた。
翼,つばさ,날개,人間失格,太宰治,https://www.aozora.gr.jp/cards/000035/files/301_ruby_5915.zip,自分は、やがて画塾で、或る画学生から、酒と煙草と淫売婦と質屋と左翼思想とを知らされました。
聖書,せいしょ,성서,こころ,夏目漱石,https://www.aozora.gr.jp/cards/000148/files/773_ruby_5968.zip,私はまた彼の室に聖書を見ました。
聴講,ちょうこう,청강,人間失格,太宰治,https://www.aozora.gr.jp/cards/000035/files/301_ruby_5915.zip,高等学校の寮から脱けたら、学校の授業に出ても、自分はまるで聴講生みたいな特別の位置にいるような、それは自分のひがみかも知れなかったのですが、何とも自分自身で白々しい気持がして来て、いっそう学校へ行くのが、おっくうになったのでした。
職務,しょくむ,직무,こころ,夏目漱石,https://www.aozora.gr.jp/cards/000148/files/773_ruby_5968.zip,一度などは職務の都合もあろうが、できるなら繰り合せてこの夏ぐらい一度顔だけでも見に帰ったらどうだとまで書いた。
職員,しょくいん,직원,坊っちゃん,夏目漱石,https://www.aozora.gr.jp/cards/000148/files/752_ruby_2438.zip,校長は今に職員に紹介してやるから、一々その人にこの辞令を見せるんだと云って聞かした。
職員,しょくいん,직원,人間失格,太宰治,https://www.aozora.gr.jp/cards/000035/files/301_ruby_5915.zip,生のあとを、そっとつけて行きましたら、先生は、教室を出るとすぐ、自分のその綴り方を、他のクラスの者たちの綴り方の中から選び出し、廊下を歩きながら読みはじめて、クスクス笑い、やがて職員室にはいって読み終えたのか、顔を真赤にして大声を挙げて笑い、他の先生に、さっそくそれを読ませているのを見とどけ、自分は、たいへん満足でした。
肉体,にくたい,육체,走れメロス,太宰治,https://www.aozora.gr.jp/cards/000035/files/1567_ruby_4948.zip,肉体の疲労恢復と共に、わずかながら希望が生れた。
肉体,にくたい,육체,こころ,夏目漱石,https://www.aozora.gr.jp/cards/000148/files/773_ruby_5968.zip,なまじい昔の高僧だとか聖徒だとかの伝を読んだ彼には、ややともすると精神と肉体とを切り離したがる癖がありました。
肉親,にくしん,육친,人間失格,太宰治,https://www.aozora.gr.jp/cards/000035/files/301_ruby_5915.zip,また自分は、肉親たちに何か言われて、口応えした事はいちども有りませんでした。
脅迫,きょうはく,협박,人間失格,太宰治,https://www.aozora.gr.jp/cards/000035/files/301_ruby_5915.zip,人間は、めしを食べなければ死ぬから、そのために働いて、めしを食べなければならぬ、という言葉ほど自分にとって難解で晦渋で、そうして脅迫めいた響きを感じさせる言葉は、無かったのです。
膨張,ぼうちょう,팽창,坊っちゃん,夏目漱石,https://www.aozora.gr.jp/cards/000148/files/752_ruby_2438.zip,山嵐の鼻に至っては、紫色に膨張して、掘ったら中から膿が出そうに見える。
臆病な,おくびょうな,겁이 많은,坊っちゃん,夏目漱石,https://www.aozora.gr.jp/cards/000148/files/752_ruby_2438.zip,臆病な男でもないが、惜しい事に胆力が欠けている。
自ら,みずから,스스로,坊っちゃん,夏目漱石,https://www.aozora.gr.jp/cards/000148/files/752_ruby_2438.zip,野だは例のへらへら調で「実に今回のバッタ事件及び咄喊事件は吾々心ある職員をして、ひそかに吾校将来の前途に危惧の念を抱かしむるに足る珍事でありまして、吾々職員たるものはこの際奮って自ら省りみて、全校の風紀を振粛しなければなりません。
自ら,みずから,스스로,人間失格,太宰治,https://www.aozora.gr.jp/cards/000035/files/301_ruby_5915.zip,互いに軽蔑しながら附き合い、そうして互いに自らをくだらなくして行く、それがこの世の所謂「交友」というものの姿だとするなら、自分と堀木との間柄も、まさしく「交友」に違いありませんでした。
自尊心,じそんしん,자존심,こころ,夏目漱石,https://www.aozora.gr.jp/cards/000148/files/773_ruby_5968.zip,私は自分の品格を重んじなければならないという教育から来た自尊心と、現にその自尊心を裏切している物欲しそうな顔付とを同時に彼らの前に示すのです。
自己,じこ,자기 자신,こころ,夏目漱石,https://www.aozora.gr.jp/cards/000148/files/773_ruby_5968.zip,結果から見れば、彼はただ自己の成功を打ち砕く意味において、偉大なのに過ぎないのですけれども、それでも決して平凡ではありませんでした。
自己,じこ,자기 자신,人間失格,太宰治,https://www.aozora.gr.jp/cards/000035/files/301_ruby_5915.zip,だから自分には、言い争いも自己弁解も出来ないのでした。
自転,じてん,자전,坊っちゃん,夏目漱石,https://www.aozora.gr.jp/cards/000148/files/752_ruby_2438.zip,ちょうど歯どめがなくっちゃ自転車へ乗れないのと同程度ですからねと野だは妙な事ばかり喋舌る。
自転,じてん,자전,人間失格,太宰治,https://www.aozora.gr.jp/cards/000035/files/301_ruby_5915.zip,するのか分るもんか自転公転反転も勝手ですわい至る処に至高の力を感じあらゆる国にあらゆる民族に同一の人間性を発見する我は異端者なりとかやみんな聖経をよみ違えてんのよでなきゃ常識も智慧もないのよ生身の喜びを禁じたり酒を止めたりいいわムスタッファわたしそんなの大嫌いけれども、その頃、自分に酒を止めよ、とすすめる処女がいました。
良い・よし,よい・よし,좋다,こころ,夏目漱石,https://www.aozora.gr.jp/cards/000148/files/773_ruby_5968.zip,学校の授業が始まるにはまだ大分日数があるので鎌倉におってもよし、帰ってもよいという境遇にいた私は、当分元の宿に留まる覚悟をした。
良い・よし,よい・よし,좋다,銀河鉄道の夜,宮沢賢治,https://www.aozora.gr.jp/cards/000081/files/48222_ruby_59603.zip,このけものかね、これはボスといってね、おいおい、そこつるはしはよしたまへ。
良心,りょうしん,양심,こころ,夏目漱石,https://www.aozora.gr.jp/cards/000148/files/773_ruby_5968.zip,しかし私にも教育相当の良心はありますから、もし誰か私の傍へ来て、お前は卑怯だと一言私語いてくれるものがあったなら、私はその瞬間に、はっと我に立ち帰ったかも知れません。
色彩,しきさい,색채,人間失格,太宰治,https://www.aozora.gr.jp/cards/000035/files/301_ruby_5915.zip,自分なども、ゴッホの原色版をかなりたくさん見て、タッチの面白さ、色彩の鮮やかさに興趣を覚えてはいたのですが、しかし、お化けの絵、だとは、いちども考えた事が無かったのでした。
芝居,しばい,연극,こころ,夏目漱石,https://www.aozora.gr.jp/cards/000148/files/773_ruby_5968.zip,先生は時々奥さんを伴れて、音楽会だの芝居だのに行った。
芝居,しばい,연극,坊っちゃん,夏目漱石,https://www.aozora.gr.jp/cards/000148/files/752_ruby_2438.zip,この兄はやに色が白くって、芝居の真似をして女形になるのが好きだった。
芽,め,싹,こころ,夏目漱石,https://www.aozora.gr.jp/cards/000148/files/773_ruby_5968.zip,枳殻の垣が黒ずんだ枝の上に、萌るような芽を吹いていたり、柘榴の枯れた幹から、つやつやしい茶褐色の葉が、柔らかそうに日光を映していたりするのが、道々私の眼を引き付けた。
芽,め,싹,坊っちゃん,夏目漱石,https://www.aozora.gr.jp/cards/000148/files/752_ruby_2438.zip,人参の芽が出揃わぬ処へ藁が一面に敷いてあったから、その上で三人が半日相撲をとりつづけに取ったら、人参がみんな踏みつぶされてしまった。
苗,なえ,모종,こころ,夏目漱石,https://www.aozora.gr.jp/cards/000148/files/773_ruby_5968.zip,五私は墓地の手前にある苗畠の左側からはいって、両方に楓を植え付けた広い道を奥の方へ進んで行った。
若干,じゃっかん,약간,こころ,夏目漱石,https://www.aozora.gr.jp/cards/000148/files/773_ruby_5968.zip,自白すると、私の財産は自分が懐にして家を出た若干の公債と、後からこの友人に送ってもらった金だけなのです。
英雄,えいゆう,영웅,こころ,夏目漱石,https://www.aozora.gr.jp/cards/000148/files/773_ruby_5968.zip,Ｋの口にした昔の人とは、無論英雄でもなければ豪傑でもないのです。
草花,くさばな,풀꽃,銀河鉄道の夜,宮沢賢治,https://www.aozora.gr.jp/cards/000081/files/48222_ruby_59603.zip,その火がだんだんうしろの方になるにつれてみんなは何とも云へずにぎやかなさまざまの楽の音や草花の匂のやうなもの口笛や人々のざわざわ云ふ声やらを聞きました。
荒っぽい,あらっぽい,거칠다 난폭하다,人間失格,太宰治,https://www.aozora.gr.jp/cards/000035/files/301_ruby_5915.zip,即ち荒っぽい大きな歓楽を避けてさえいれば、自然また大きな悲哀もやって来ないのだ。
華奢な,きゃしゃな,화사하고 가냘픈,こころ,夏目漱石,https://www.aozora.gr.jp/cards/000148/files/773_ruby_5968.zip,その代り私は薄い板で造った足の畳み込める華奢な食卓を奥さんに寄附しました。
融通,ゆうずう,융통,坊っちゃん,夏目漱石,https://www.aozora.gr.jp/cards/000148/files/752_ruby_2438.zip,俸給なんかどうでもいいんですが、上がれば上がった方がいいですね」「それで幸い今度転任者が一人出来るから――もっとも校長に相談してみないと無論受け合えない事だが――その俸給から少しは融通が出来るかも知れないから、それで都合をつけるように校長に話してみようと思うんですがね」「どうも難有う。
行進,こうしん,행진,坊っちゃん,夏目漱石,https://www.aozora.gr.jp/cards/000148/files/752_ruby_2438.zip,と云う高く鋭い号令が聞えたと思ったら師範学校の方は粛粛として行進を始めた。
街道,かいどう,가도,こころ,夏目漱石,https://www.aozora.gr.jp/cards/000148/files/773_ruby_5968.zip,私たちはそこから左へ切れてすぐ街道へ出た。
街道,かいどう,가도,銀河鉄道の夜,宮沢賢治,https://www.aozora.gr.jp/cards/000081/files/48222_ruby_59603.zip,どこかへ行く街道らしく小さな電燈の一列についた通りがありました。
衛生,えいせい,위생,坊っちゃん,夏目漱石,https://www.aozora.gr.jp/cards/000148/files/752_ruby_2438.zip,当人の説明では赤は身体に薬になるから、衛生のためにわざわざ誂らえるんだそうだが、入らざる心配だ。
衣類,いるい,의류,こころ,夏目漱石,https://www.aozora.gr.jp/cards/000148/files/773_ruby_5968.zip,私はその時書物や衣類を詰めた行李をからげていた。
衣類,いるい,의류,人間失格,太宰治,https://www.aozora.gr.jp/cards/000035/files/301_ruby_5915.zip,高円寺駅附近だけでなく、新宿、銀座のほうにまで出かけて飲み、外泊する事さえあり、ただもう「慣例」に従わぬよう、バアで無頼漢の振りをしたり、片端からキスしたり、つまり、また、あの情死以前の、いや、あの頃よりさらに荒んで野卑な酒飲みになり、金に窮して、シヅ子の衣類を持ち出すほどになりました。
表向き,おもてむき,표면상,坊っちゃん,夏目漱石,https://www.aozora.gr.jp/cards/000148/files/752_ruby_2438.zip,表向きは赤シャツの方が重々もっともだが、表向きがいくら立派だって、腹の中まで惚れさせる訳には行かない。
装飾,そうしょく,장식,こころ,夏目漱石,https://www.aozora.gr.jp/cards/000148/files/773_ruby_5968.zip,そのためでもありましょうか、こういう艶めかしい装飾をいつの間にか軽蔑する癖が付いていたのです。
装飾,そうしょく,장식,人間失格,太宰治,https://www.aozora.gr.jp/cards/000035/files/301_ruby_5915.zip,自分は子供の頃から病弱で、よく寝込みましたが、寝ながら、敷布、枕のカヴァ、掛蒲団のカヴァを、つくづく、つまらない装飾だと思い、それが案外に実用品だった事を、二十歳ちかくになってわかって、人間のつましさに暗然とし、悲しい思いをしました。
補助,ほじょ,보조,こころ,夏目漱石,https://www.aozora.gr.jp/cards/000148/files/773_ruby_5968.zip,私はその場で物質的の補助をすぐ申し出しました。
裸,はだか,알몸,羅生門,芥川龍之介,https://www.aozora.gr.jp/cards/000879/files/127_ruby_150.zip,ただ、おぼろげながら、知れるのは、その中に裸の死骸と、着物を着た死骸とがあるという事である。
裸,はだか,알몸,走れメロス,太宰治,https://www.aozora.gr.jp/cards/000035/files/1567_ruby_4948.zip,メロスは、いまは、ほとんど全裸体であった。
要領,ようりょう,요령,こころ,夏目漱石,https://www.aozora.gr.jp/cards/000148/files/773_ruby_5968.zip,この問答は私にとってすこぶる不得要領のものであったが、私はその時底まで押さずに帰ってしまった。
要領,ようりょう,요령,坊っちゃん,夏目漱石,https://www.aozora.gr.jp/cards/000148/files/752_ruby_2438.zip,山嵐はmightisrightという英語を引いて説諭を加えたが、何だか要領を得ないから、聞き返してみたら強者の権利と云う意味だそうだ。
見地,けんち,견지,こころ,夏目漱石,https://www.aozora.gr.jp/cards/000148/files/773_ruby_5968.zip,世間的以上の見地から評すれば、あるいは純なる尊い男とでもいえましょうか。
見渡す,みわたす,멀리 바라보다,こころ,夏目漱石,https://www.aozora.gr.jp/cards/000148/files/773_ruby_5968.zip,見渡す限り緑が一面に深く茂っているだけでも、神経が休まります。
見渡す,みわたす,멀리 바라보다,坊っちゃん,夏目漱石,https://www.aozora.gr.jp/cards/000148/files/752_ruby_2438.zip,さっきから船中見渡すが釣竿が一本も見えない。
見込み,みこみ,가망,こころ,夏目漱石,https://www.aozora.gr.jp/cards/000148/files/773_ruby_5968.zip,九州にいる兄へやった手紙のなかにも、私は父の到底故のような健康体になる見込みのない事を述べた。
見込み,みこみ,가망,人間失格,太宰治,https://www.aozora.gr.jp/cards/000035/files/301_ruby_5915.zip,それそれ、そのはにかむような微笑、それが見込みのある芸術家特有の表情なんだ。
視察,しさつ,시찰,人間失格,太宰治,https://www.aozora.gr.jp/cards/000035/files/301_ruby_5915.zip,堀木の場合は、ただもう阿呆のひやかしで、いちど自分を紹介しにその会合へ行ったきりで、マルキシストは、生産面の研究と同時に、消費面の視察も必要だなどと下手な洒落を言って、その会合には寄りつかず、とかく自分を、その消費面の視察のほうにばかり誘いたがるのでした。
記述,きじゅつ,기술,こころ,夏目漱石,https://www.aozora.gr.jp/cards/000148/files/773_ruby_5968.zip,それはあなたにも始めからお断わりしておかなければならないと思いますが、その実例としては当面の問題に大した関係のないこんな記述が、かえって役に立ちはしないかと考えます。
訴訟,そしょう,소송,こころ,夏目漱石,https://www.aozora.gr.jp/cards/000148/files/773_ruby_5968.zip,訴訟にすると落着までに長い時間のかかる事も恐れました。
証拠,しょうこ,증거,こころ,夏目漱石,https://www.aozora.gr.jp/cards/000148/files/773_ruby_5968.zip,しかしその私だけにはこの直感が後になって事実の上に証拠立てられたのだから、私は若々しいといわれても、馬鹿げていると笑われても、それを見越した自分の直覚をとにかく頼もしくまた嬉しく思っている。
証拠,しょうこ,증거,銀河鉄道の夜,宮沢賢治,https://www.aozora.gr.jp/cards/000081/files/48222_ruby_59603.zip,ぼくらからみると、ここは厚い立派な地層で、百二十万年ぐらゐ前にできたといふ証拠もいろいろあがるけれども、ぼくらとちがったやつからみてもやっぱりこんな地層に見えるかどうか、あるひは風か水やがらんとした空かに見えやしないかといふことなのだ。
詐欺,さぎ,사기,坊っちゃん,夏目漱石,https://www.aozora.gr.jp/cards/000148/files/752_ruby_2438.zip,しかし一銭だろうが五厘だろうが、詐欺師の恩になっては、死ぬまで心持ちがよくない。
詐欺,さぎ,사기,人間失格,太宰治,https://www.aozora.gr.jp/cards/000035/files/301_ruby_5915.zip,白痴の淫売婦たちのふところの中で、安心してぐっすり眠る思いとは、また、全く異って、（だいいち、あのプロステチュウトたちは、陽気でした）その詐欺罪の犯人の妻と過した一夜は、自分にとって、幸福な（こんな大それた言葉を、なんの躊躇も無く、肯定して使用する事は、自分のこの全手記に於いて、再び無いつもりです）解放せられた夜でした。
試み,こころみ,시도,こころ,夏目漱石,https://www.aozora.gr.jp/cards/000148/files/773_ruby_5968.zip,試みにやってご覧になるとよく解ります」「そうかね。
試み,こころみ,시도,坊っちゃん,夏目漱石,https://www.aozora.gr.jp/cards/000148/files/752_ruby_2438.zip,今度は向う合せの北側の室を試みた。
試みる,こころみる,시도하다,こころ,夏目漱石,https://www.aozora.gr.jp/cards/000148/files/773_ruby_5968.zip,それでもその日私の気力は、因循らしく見える先生の態度に逆襲を試みるほどに生々していた。
誇る,ほこる,자랑하다,走れメロス,太宰治,https://www.aozora.gr.jp/cards/000035/files/1567_ruby_4948.zip,友と友の間の信実は、この世で一ばん誇るべき宝なのだからな。
認める,みとめる,인정하다,こころ,夏目漱石,https://www.aozora.gr.jp/cards/000148/files/773_ruby_5968.zip,ただ自分が正当と認める程度以上に、二人が密着するのを忌むのだと解釈したのです。
認識,にんしき,인식,人間失格,太宰治,https://www.aozora.gr.jp/cards/000035/files/301_ruby_5915.zip,美わしくも怖しきは浮世なれかよわき人の子は背負切れぬ荷をば負わされどうにもできない情慾の種子を植えつけられた許りに善だ悪だ罪だ罰だと呪わるるばかりどうにもできない只まごつくばかり抑え摧く力も意志も授けられぬ許りにどこをどう彷徨まわってたんだいナニ批判検討再認識？
語る,かたる,말하다,こころ,夏目漱石,https://www.aozora.gr.jp/cards/000148/files/773_ruby_5968.zip,しかしそれ以外に私はこれといってとくに奥さんについて語るべき何物ももたないような気がした。
語る,かたる,말하다,人間失格,太宰治,https://www.aozora.gr.jp/cards/000035/files/301_ruby_5915.zip,、何やらかやら差し入れしに、刑務所へかよっていたのだけれども、あすから、やめます、などと物語るのでしたが、自分は、どういうものか、女の身の上噺というものには、少しも興味を持てないたちで、それは女の語り方の下手なせいか、つまり、話の重点の置き方を間違っているせいなのか、とにかく、自分には、つねに、馬耳東風なのでありました。
誠実な,せいじつな,성실한,こころ,夏目漱石,https://www.aozora.gr.jp/cards/000148/files/773_ruby_5968.zip,私はただ誠実なる先生の批評家および同情家として奥さんを眺めた。
説く,とく,설명하다,こころ,夏目漱石,https://www.aozora.gr.jp/cards/000148/files/773_ruby_5968.zip,私はＫを説くときに、ぜひそこを明らかにしてやりたかったのです。
調停,ちょうてい,조정,こころ,夏目漱石,https://www.aozora.gr.jp/cards/000148/files/773_ruby_5968.zip,人が仲に入って調停を試みた事も知っていました。
調和,ちょうわ,조화,こころ,夏目漱石,https://www.aozora.gr.jp/cards/000148/files/773_ruby_5968.zip,昔でいうと、儒者の家へ切支丹の臭いを持ち込むように、私の持って帰るものは父とも母とも調和しなかった。
諸君,しょくん,제군,坊っちゃん,夏目漱石,https://www.aozora.gr.jp/cards/000148/files/752_ruby_2438.zip,「学校の職員や生徒に過失のあるのは、みんな自分の寡徳の致すところで、何か事件がある度に、自分はよくこれで校長が勤まるとひそかに慚愧の念に堪えんが、不幸にして今回もまたかかる騒動を引き起したのは、深く諸君に向って謝罪しなければならん。
諸君,しょくん,제군,人間失格,太宰治,https://www.aozora.gr.jp/cards/000035/files/301_ruby_5915.zip,自分は立って片手を挙げ、「諸君」と言い、「このたび、日本のファンの皆様がたに、……」と一場の挨拶を試み、さらに大笑いさせて、それから、ロイドの映画がそのまちの劇場に来るたび毎に見に行って、ひそかに彼の表情などを研究しました。
警戒,けいかい,경계,こころ,夏目漱石,https://www.aozora.gr.jp/cards/000148/files/773_ruby_5968.zip,たまに向うから話し掛けられでもすると、なおの事警戒を加えたくなりました。
警戒,けいかい,경계,人間失格,太宰治,https://www.aozora.gr.jp/cards/000035/files/301_ruby_5915.zip,自分もさすがに、その生徒にさえ警戒する必要は認めていなかったのでした。
貝殻,かいがら,조개껍데기,銀河鉄道の夜,宮沢賢治,https://www.aozora.gr.jp/cards/000081/files/48222_ruby_59603.zip,左手の渚には、波がやさしい稲妻のやうに燃えて寄せ、右手の崖には、いちめん銀や貝殻でこさえたやうなすすきの穂がゆれたのです。
貧乏な,びんぼうな,가난한,人間失格,太宰治,https://www.aozora.gr.jp/cards/000035/files/301_ruby_5915.zip,それは、どうせこんな、貧乏なヒラメの援助なのですから、以前のようなぜいたくを望んだら、あてがはずれます。
貧富,ひんぷ,빈부,人間失格,太宰治,https://www.aozora.gr.jp/cards/000035/files/301_ruby_5915.zip,、こいつはへんに疲れて貧乏くさいだけの女だな、と思うと同時に、金の無い者どうしの親和（貧富の不和は、陳腐のようでも、やはりドラマの永遠のテーマの一つだと自分は今では思っていますが）そいつが、その親和感が、胸に込み上げて来て、ツネ子がいとしく、生れてこの時はじめて、われから積極的に、微弱ながら恋の心の動くのを自覚しました。
貧弱な,ひんじゃくな,빈약한,こころ,夏目漱石,https://www.aozora.gr.jp/cards/000148/files/773_ruby_5968.zip,私は貧弱な思想家ですけれども、自分の頭で纏め上げた考えをむやみに人に隠しやしません。
貧弱な,ひんじゃくな,빈약한,人間失格,太宰治,https://www.aozora.gr.jp/cards/000035/files/301_ruby_5915.zip,それは、背後から突き刺す男のごたぶんにもれず、クラスで最も貧弱な肉体をして、顔も青ぶくれで、そうしてたしかに父兄のお古と思われる袖が聖徳太子の袖みたいに長すぎる上衣を着て、学課は少しも出来ず、教練や体操はいつも見学という白痴に似た生徒でした。
貴重な,きちょうな,귀중한,こころ,夏目漱石,https://www.aozora.gr.jp/cards/000148/files/773_ruby_5968.zip,私には位置を求めるための貴重な時間というものがなかった。
資格,しかく,자격,走れメロス,太宰治,https://www.aozora.gr.jp/cards/000035/files/1567_ruby_4948.zip,君が若し私を殴ってくれなかったら、私は君と抱擁する資格さえ無いのだ。
資格,しかく,자격,こころ,夏目漱石,https://www.aozora.gr.jp/cards/000148/files/773_ruby_5968.zip,その時先生は沈んだ調子で、「どうしても私は世間に向かって働き掛ける資格のない男だから仕方がありません」といった。
資産,しさん,자산,こころ,夏目漱石,https://www.aozora.gr.jp/cards/000148/files/773_ruby_5968.zip,友達は中国のある資産家の息子で金に不自由のない男であったけれども、学校が学校なのと年が年なので、生活の程度は私とそう変りもしなかった。
資金,しきん,자금,人間失格,太宰治,https://www.aozora.gr.jp/cards/000035/files/301_ruby_5915.zip,かりしていない男で、将来の方針も何も自分にはまるで見当がつかず、この上、ヒラメの家のやっかいになっているのは、ヒラメにも気の毒ですし、そのうちに、もし万一、自分にも発奮の気持が起り、志を立てたところで、その更生資金をあの貧乏なヒラメから月々援助せられるのかと思うと、とても心苦しくて、いたたまらない気持になったからでした。
質素な,しっそな,검소한,こころ,夏目漱石,https://www.aozora.gr.jp/cards/000148/files/773_ruby_5968.zip,どのくらいの財産をもっていらっしゃるんですか」「私は財産家と見えますか」先生は平生からむしろ質素な服装をしていた。
赴任,ふにん,부임,坊っちゃん,夏目漱石,https://www.aozora.gr.jp/cards/000148/files/752_ruby_2438.zip,引き受けた以上は赴任せねばならぬ。
転任,てんにん,전임,坊っちゃん,夏目漱石,https://www.aozora.gr.jp/cards/000148/files/752_ruby_2438.zip,俸給なんかどうでもいいんですが、上がれば上がった方がいいですね」「それで幸い今度転任者が一人出来るから――もっとも校長に相談してみないと無論受け合えない事だが――その俸給から少しは融通が出来るかも知れないから、それで都合をつけるように校長に話してみようと思うんですがね」「どうも難有う。
転換,てんかん,전환,こころ,夏目漱石,https://www.aozora.gr.jp/cards/000148/files/773_ruby_5968.zip,私はただＫが急に生活の方向を転換して、私の利害と衝突するのを恐れたのです。
軽症,けいしょう,경상 가벼운 증상,こころ,夏目漱石,https://www.aozora.gr.jp/cards/000148/files/773_ruby_5968.zip,家内のものは軽症の脳溢血と思い違えて、すぐその手当をした。
軽蔑,けいべつ,경멸,こころ,夏目漱石,https://www.aozora.gr.jp/cards/000148/files/773_ruby_5968.zip,他の懐かしみに応じない先生は、他を軽蔑する前に、まず自分を軽蔑していたものとみえる。
軽蔑,けいべつ,경멸,坊っちゃん,夏目漱石,https://www.aozora.gr.jp/cards/000148/files/752_ruby_2438.zip,たまに正直な純粋な人を見ると、坊っちゃんだの小僧だのと難癖をつけて軽蔑する。
辞職,じしょく,사직,坊っちゃん,夏目漱石,https://www.aozora.gr.jp/cards/000148/files/752_ruby_2438.zip,おれが邪魔になるなら、実はこれこれだ、邪魔だから辞職してくれと云や、よさそうなもんだ。
迅速な,じんそくな,신속한,坊っちゃん,夏目漱石,https://www.aozora.gr.jp/cards/000148/files/752_ruby_2438.zip,この拍子に応じて三十人の抜き身がぴかぴかと光るのだが、これはまたすこぶる迅速なお手際で、拝見していても冷々する。
近眼,きんがん,근시안,こころ,夏目漱石,https://www.aozora.gr.jp/cards/000148/files/773_ruby_5968.zip,近眼の私には、今までそれがよく分らなかったのですが、Ｋをやり越した後で、その女の顔を見ると、それが宅のお嬢さんだったので、私は少なからず驚きました。
近眼,きんがん,근시안,銀河鉄道の夜,宮沢賢治,https://www.aozora.gr.jp/cards/000081/files/48222_ruby_59603.zip,だんだん近付いて見ると、一人のせいの高い、ひどい近眼鏡をかけ、長靴をはいた学者らしい人が、手帳に何かせわしさうに書きつけながら、鶴嘴をふりあげたり、スコープをつかったりしてゐる、三人の助手らしい人たちに夢中でいろいろ指図をしてゐました。
返答,へんとう,답변,こころ,夏目漱石,https://www.aozora.gr.jp/cards/000148/files/773_ruby_5968.zip,私は無論襖越にそんな談話を交換する気はなかったのですが、Ｋの返答だけは即坐に得られる事と考えたのです。
追い出す,おいだす,쫓아내다,走れメロス,太宰治,https://www.aozora.gr.jp/cards/000035/files/1567_ruby_4948.zip,妹夫婦は、まさか私を村から追い出すような事はしないだろう。
追い出す,おいだす,쫓아내다,坊っちゃん,夏目漱石,https://www.aozora.gr.jp/cards/000148/files/752_ruby_2438.zip,いか銀が難癖をつけて、おれを追い出すかと思うと、すぐ野だ公が入れ替ったり――どう考えてもあてにならない。
退治,たいじ,퇴치,坊っちゃん,夏目漱石,https://www.aozora.gr.jp/cards/000148/files/752_ruby_2438.zip,ようやくの事に三十分ばかりでバッタは退治た。
送金,そうきん,송금,こころ,夏目漱石,https://www.aozora.gr.jp/cards/000148/files/773_ruby_5968.zip,というのは、私は月々極った送金の外に、書籍費、（私はその時分から書物を買う事が好きでした）、および臨時の費用を、よく叔父から請求して、ずんずんそれを自分の思うように消費する事ができたのですから。
送金,そうきん,송금,人間失格,太宰治,https://www.aozora.gr.jp/cards/000035/files/301_ruby_5915.zip,それが急に、下宿のひとり住いになり、何もかも、月々の定額の送金で間に合わせなければならなくなって、自分は、まごつきました。
連中,れんちゅう,패거리,坊っちゃん,夏目漱石,https://www.aozora.gr.jp/cards/000148/files/752_ruby_2438.zip,しかしほかの連中はみんな大人しくご規則通りやってるから新参のおればかり、だだを捏ねるのもよろしくないと思って我慢していた。
連中,れんちゅう,패거리,人間失格,太宰治,https://www.aozora.gr.jp/cards/000035/files/301_ruby_5915.zip,ぶない（その運動の連中は、一大事の如く緊張し、探偵小説の下手な真似みたいな事までして、極度の警戒を用い、そうして自分にたのむ仕事は、まことに、あっけにとられるくらい、つまらないものでしたが、それでも、彼等は、その用事を、さかんに、あぶながって力んでいるのでした）と、彼等の称する仕事を、とにかく正確にやってのけていました。
進展,しんてん,진전,人間失格,太宰治,https://www.aozora.gr.jp/cards/000035/files/301_ruby_5915.zip,て、……また、誰かわからぬ娘が、自分の留守中にお手製らしい人形を、……自分が極度に消極的なので、いずれも、それっきりの話で、ただ断片、それ以上の進展は一つもありませんでしたが、何か女に夢を見させる雰囲気が、自分のどこかにつきまとっている事は、それは、のろけだの何だのといういい加減な冗談でなく、否定できないのでありました。
進行,しんこう,진행,こころ,夏目漱石,https://www.aozora.gr.jp/cards/000148/files/773_ruby_5968.zip,二十九先生の談話は、この犬と小供のために、結末まで進行する事ができなくなったので、私はついにその要領を得ないでしまった。
進行,しんこう,진행,坊っちゃん,夏目漱石,https://www.aozora.gr.jp/cards/000148/files/752_ruby_2438.zip,さあ行きましょうと、進まないのを無理に勧めて、座敷を出かかるところへ、野だが箒を振り振り進行して来て、やご主人が先へ帰るとはひどい。
遂行,すいこう,수행,走れメロス,太宰治,https://www.aozora.gr.jp/cards/000035/files/1567_ruby_4948.zip,義務遂行の希望である。
遂行,すいこう,수행,こころ,夏目漱石,https://www.aozora.gr.jp/cards/000148/files/773_ruby_5968.zip,あなたから見たら、これが義務の遂行を重んずる私の性格のように思われるかも知れません。
運命,うんめい,운명,走れメロス,太宰治,https://www.aozora.gr.jp/cards/000035/files/1567_ruby_4948.zip,これが、私の定った運命なのかも知れない。
運命,うんめい,운명,こころ,夏目漱石,https://www.aozora.gr.jp/cards/000148/files/773_ruby_5968.zip,私も父の運命が本当に気の毒になった。
達者な,たっしゃな,능숙한,こころ,夏目漱石,https://www.aozora.gr.jp/cards/000148/files/773_ruby_5968.zip,君のお父さんが達者なうちに、貰うものはちゃんと貰っておくようにしたらどうですか。
達者な,たっしゃな,능숙한,坊っちゃん,夏目漱石,https://www.aozora.gr.jp/cards/000148/files/752_ruby_2438.zip,法律の書生なんてものは弱い癖に、やに口が達者なもので、愚な事を長たらしく述べ立てるから、寝る時にどんどん音がするのはおれの尻がわるいのじゃない。
遠方,えんぽう,먼 곳,坊っちゃん,夏目漱石,https://www.aozora.gr.jp/cards/000148/files/752_ruby_2438.zip,私はこれから遠方へ参りますが、なにとぞ従前の通りお見捨てなくご愛顧のほどを願います。
邸宅,ていたく,저택,こころ,夏目漱石,https://www.aozora.gr.jp/cards/000148/files/773_ruby_5968.zip,門の柱に打ち付けた標札に何々園とあるので、その個人の邸宅でない事がすぐ知れた。
邸宅,ていたく,저택,人間失格,太宰治,https://www.aozora.gr.jp/cards/000035/files/301_ruby_5915.zip,たかが、高等学校の一生徒に過ぎない自分のために、邸宅と召使いを提供して置くのも、むだな事だとでも考えたのか、（父の心もまた、世間の人たちの気持ちと同様に、自分にはよくわかりません）とにかく、その家は、間も無く人手にわたり、自分は、本郷森川町の仙遊館という古い下宿の、薄暗い部屋に引越して、そうして、たちまち金に困りました。
部門,ぶもん,부문,こころ,夏目漱石,https://www.aozora.gr.jp/cards/000148/files/773_ruby_5968.zip,私は自分に関係の深い部門の書籍棚の前に立って、隅から隅まで一冊ずつ点検して行った。
配布,はいふ,배포,坊っちゃん,夏目漱石,https://www.aozora.gr.jp/cards/000148/files/752_ruby_2438.zip,では会議を開きますと狸はまず書記の川村君に蒟蒻版を配布させる。
鉄棒,てつぼう,철봉,人間失格,太宰治,https://www.aozora.gr.jp/cards/000035/files/301_ruby_5915.zip,その日、体操の時間に、その生徒（姓はいま記憶していませんが、名は竹一といったかと覚えています）その竹一は、れいに依って見学、自分たちは鉄棒の練習をさせられていました。
鉢,はち,화분,こころ,夏目漱石,https://www.aozora.gr.jp/cards/000148/files/773_ruby_5968.zip,奥さんは火鉢の前に敷いた座蒲団の上へ私を坐らせて、「ちっとそこいらにある本でも読んでいて下さい」と断って出て行った。
鉢,はち,화분,坊っちゃん,夏目漱石,https://www.aozora.gr.jp/cards/000148/files/752_ruby_2438.zip,鉢の開いた頭を、こっちの胸へ宛ててぐいぐい押した拍子に、勘太郎の頭がすべって、おれの袷の袖の中にはいった。
錯覚,さっかく,착각,人間失格,太宰治,https://www.aozora.gr.jp/cards/000035/files/301_ruby_5915.zip,このお金は使っちゃいけないよ、と言っても、お前の事だものなあ、なんて言われると、何だか使わないと悪いような、期待にそむくような、へんな錯覚が起って、必ずすぐにそのお金を使ってしまうのでした）その中毒の不安のため、かえって薬品をたくさん求めるようになったのでした。
鑑賞,かんしょう,감상,人間失格,太宰治,https://www.aozora.gr.jp/cards/000035/files/301_ruby_5915.zip,自分たちの少年の頃には、日本ではフランスの所謂印象派の画が大流行していて、洋画鑑賞の第一歩を、たいていこのあたりからはじめたもので、ゴッホ、ゴーギャン、セザンヌ、ルナアルなどというひとの絵は、田舎の中学生でも、たいていその写真版を見て知っていたのでした。
閉口,へいこう,말문이 막힘,坊っちゃん,夏目漱石,https://www.aozora.gr.jp/cards/000148/files/752_ruby_2438.zip,ただおやじが小遣いをくれないには閉口した。
閉口,へいこう,말문이 막힘,人間失格,太宰治,https://www.aozora.gr.jp/cards/000035/files/301_ruby_5915.zip,」と堀木は、口をゆがめて言い、「さすがのおれも、こんな貧乏くさい女には、……」閉口し切ったように、腕組みしてツネ子をじろじろ眺め、苦笑するのでした。
閑静な,かんせいな,한적한,坊っちゃん,夏目漱石,https://www.aozora.gr.jp/cards/000148/files/752_ruby_2438.zip,しまいには赤シャツまで出て来たが山嵐の机の上は白墨が一本竪に寝ているだけで閑静なものだ。
陳列,ちんれつ,진열,坊っちゃん,夏目漱石,https://www.aozora.gr.jp/cards/000148/files/752_ruby_2438.zip,野だの云う事は言語はあるが意味がない、漢語をのべつに陳列するぎりで訳が分らない。
隣,となり,옆,走れメロス,太宰治,https://www.aozora.gr.jp/cards/000035/files/1567_ruby_4948.zip,村を出て、野を横切り、森をくぐり抜け、隣村に着いた頃には、雨も止み、日は高く昇って、そろそろ暑くなって来た。
隣,となり,옆,こころ,夏目漱石,https://www.aozora.gr.jp/cards/000148/files/773_ruby_5968.zip,汽車へ乗ってさえ隣のものの様子を、それとなく注意し始めました。
雑談,ざつだん,잡담,坊っちゃん,夏目漱石,https://www.aozora.gr.jp/cards/000148/files/752_ruby_2438.zip,それから少し雑談をしているうちに、うらなり君の送別会をやる事や、ついてはおれが酒を飲むかと云う問や、うらなり先生は君子で愛すべき人だと云う事や――赤シャツはいろいろ弁じた。
雑貨,ざっか,잡화,銀河鉄道の夜,宮沢賢治,https://www.aozora.gr.jp/cards/000081/files/48222_ruby_59603.zip,十字になった町のかどを、まがらうとしましたら、向ふの橋へ行く方の雑貨店の前で、黒い影やぼんやり白いシャツが入り乱れて、六七人の生徒らが、口笛を吹いたり笑ったりして、めいめい烏瓜の燈火を持ってやって来るのを見ました。
霜,しも,서리,こころ,夏目漱石,https://www.aozora.gr.jp/cards/000148/files/773_ruby_5968.zip,ことに霜に打たれて蒼味を失った杉の木立の茶褐色が、薄黒い空の中に、梢を並べて聳えているのを振り返って見た時は、寒さが背中へ噛り付いたような心持がしました。
青春,せいしゅん,청춘,人間失格,太宰治,https://www.aozora.gr.jp/cards/000035/files/301_ruby_5915.zip,それにまた、青春の感激だとか、若人の誇りだとかいう言葉は、聞いて寒気がして来て、とても、あの、ハイスクール・スピリットとかいうものには、ついて行けなかったのです。
面会,めんかい,면회,坊っちゃん,夏目漱石,https://www.aozora.gr.jp/cards/000148/files/752_ruby_2438.zip,訳を話して面会を求めれば居ないと逃げるか別室へ案内をする。
面目,めんもく,면목,こころ,夏目漱石,https://www.aozora.gr.jp/cards/000148/files/773_ruby_5968.zip,私が丸い墓石だの細長い御影の碑だのを指して、しきりにかれこれいいたがるのを、始めのうちは黙って聞いていたが、しまいに「あなたは死という事実をまだ真面目に考えた事がありませんね」といった。
面目,めんもく,면목,坊っちゃん,夏目漱石,https://www.aozora.gr.jp/cards/000148/files/752_ruby_2438.zip,帰りがけに、君何でもかんでも三時過まで学校にいさせるのは愚だぜと山嵐に訴えたら、山嵐はそうさアハハハと笑ったが、あとから真面目になって、君あまり学校の不平を云うと、いかんぜ。
頻繁,ひんぱん,빈번함,坊っちゃん,夏目漱石,https://www.aozora.gr.jp/cards/000148/files/752_ruby_2438.zip,そのうち燗徳利が頻繁に往来し始めたら、四方が急に賑やかになった。
風俗,ふうぞく,풍속,坊っちゃん,夏目漱石,https://www.aozora.gr.jp/cards/000148/files/752_ruby_2438.zip,が、聞くところによれば風俗のすこぶる淳朴な所で、職員生徒ことごとく上代樸直の気風を帯びているそうである。
馬鹿馬鹿しい,ばかばかしい,어리석다 터무니없다,こころ,夏目漱石,https://www.aozora.gr.jp/cards/000148/files/773_ruby_5968.zip,考えると実に馬鹿馬鹿しい性分だ」といって笑った。
馬鹿馬鹿しい,ばかばかしい,어리석다 터무니없다,坊っちゃん,夏目漱石,https://www.aozora.gr.jp/cards/000148/files/752_ruby_2438.zip,今から考えると馬鹿馬鹿しい。
騒動,そうどう,소동,坊っちゃん,夏目漱石,https://www.aozora.gr.jp/cards/000148/files/752_ruby_2438.zip,それからまた床へはいって横になったら、さっきの騒動で蚊帳の中はぶんぶん唸っている。
高原,こうげん,고원,銀河鉄道の夜,宮沢賢治,https://www.aozora.gr.jp/cards/000081/files/48222_ruby_59603.zip,「えゝ、えゝ、もうこの辺はひどい高原ですから。
魂,たましい,영혼,こころ,夏目漱石,https://www.aozora.gr.jp/cards/000148/files/773_ruby_5968.zip,私は魂の吹き込まれていない人形を与えられただけで、満足はできないのです」先生はあきれたといった風に、私の顔を見た。
魂,たましい,영혼,坊っちゃん,夏目漱石,https://www.aozora.gr.jp/cards/000148/files/752_ruby_2438.zip,大方清がすきだから、その魂が方々のお婆さんに乗り移るんだろう。
麻痺,まひ,마비,こころ,夏目漱石,https://www.aozora.gr.jp/cards/000148/files/773_ruby_5968.zip,一度平気でそこを通り抜けたら、馴れれば馴れるほど、親しみが増すだけで、恋の神経はだんだん麻痺して来るだけです。
～がたい,がたい,하기 어렵다,こころ,夏目漱石,https://www.aozora.gr.jp/cards/000148/files/773_ruby_5968.zip,私は最初から先生には近づきがたい不思議があるように思っていた。
～がたい,がたい,하기 어렵다,人間失格,太宰治,https://www.aozora.gr.jp/cards/000035/files/301_ruby_5915.zip,いいか」「かまわんだろう」「ありがたい！
～人目,にんめ,번째 사람,羅生門,芥川龍之介,https://www.aozora.gr.jp/cards/000879/files/127_ruby_150.zip,雨風の患のない、人目にかかる惧のない、一晩楽にねられそうな所があれば、そこでともかくも、夜を明かそうと思ったからである。
～人目,にんめ,번째 사람,こころ,夏目漱石,https://www.aozora.gr.jp/cards/000148/files/773_ruby_5968.zip,私も三人目にとうとう席を外して、自分の室へ来た。
～番目,ばんめ,번째,こころ,夏目漱石,https://www.aozora.gr.jp/cards/000148/files/773_ruby_5968.zip,叔父はもと私の部屋になっていた一間を占領している一番目の男の子を追い出して、私をそこへ入れました。
～番目,ばんめ,번째,銀河鉄道の夜,宮沢賢治,https://www.aozora.gr.jp/cards/000081/files/48222_ruby_59603.zip,ジョバンニはすぐ入口から三番目の高い卓子に座った人の所へ行っておじぎをしました。
